asset_id,official_name,alternative_name_acronym,schema_system,short_description,current_version,maintenance_status,exchange_format,data_model_or_schema,licence_or_usage_rights,operator_maintainer,official_url,primary_sources,supporting_sources
LCA-FMT-0001,ecoSpold2,EcoSpold 2; ecoSpold02,ecoSpold,XML-based format used to create and exchange ecoinvent version 3 life cycle inventory content.,Not publicly confirmed,In operational use; exact schema release status not yet confirmed,XML,XML Schema Definition (XSD),Not publicly confirmed,ecoinvent Association,https://support.ecoinvent.org/ecospold2,https://support.ecoinvent.org/ecospold2,Not found
LCA-FMT-0002,International Reference Life Cycle Data System data format,ILCD Data Format; eILCD,ILCD,"XML schema family for representing LCA datasets and, in extended form, disaggregated datasets and complete life cycle models.",ILCD 1.1 documentation; eILCD SDK 2.1.1,Active eILCD developer tooling,XML,ILCD/eILCD XML schemas,SDK includes licensing information; detailed terms not yet reviewed,EC-JRC / European Platform on LCA,https://eplca.jrc.ec.europa.eu/LCDN/developerILCDDataFormat.html,https://eplca.jrc.ec.europa.eu/LCDN/developerILCDDataFormat.html,https://eplca.jrc.ec.europa.eu/LCDN/downloads/ILCD_Format_1.1_Documentation/ILCD_LifeCycleModelDataSet.html
LCA-SYS-0001,TIDAS (TianGong Data System),TianGong LCA Data System; TianGong Data System; TIDAS; TIangong DAta System,TIDAS,"Open-source LCA and carbon-footprint data system combining methodology, JSON-based format specifications, reference data and interoperability tools.",Schema assets bundled with TIDAS Tools v0.2.0; standalone schema release not separately confirmed,Active,TIDAS packages; bidirectional eILCD conversion,JSON and JSON Schema,TIDAS Tools repository is MIT licensed; bundled third-party eILCD assets may have separate terms,TIDAS development community,https://tidas.tiangong.earth/en/docs/intro,https://tidas.tiangong.earth/en/docs/intro ; https://github.com/tiangong-lca/tidas-tools,https://github.com/tiangong-lca/tidas-tools/blob/v0.2.0/docs/agents/cli-contract.md ; https://github.com/tiangong-lca/tidas-tools/blob/v0.2.0/contracts/conversion-report.v1.schema.json ; https://github.com/tiangong-lca/tidas-tools/blob/v0.2.0/contracts/import-execution-report.v1.schema.json
LCA-FMT-0003,ILCD+EPD data format,ILCD+EPD v1.2; InData-compatible EPD format,ILCD,Construction-EPD extension of the European Commission ILCD format supporting EN 15804-compliant digital datasets.,ILCD+EPD v1.2; developer documentation MR7,Active implementation profile; ÖKOBAUDAT profile v3.8.0 released 2026-04-17,Not publicly confirmed,Extension of ILCD XML,Public technical files; component-specific licences require review,BBSR-linked technical maintainers and data-network implementers,https://www.oekobaudat.de/service/downloads,https://www.oekobaudat.de/service/downloads,Not publicly confirmed
LCA-FMT-0004,openLCA schema,olca-schema; openLCA JSON-LD package format,openLCA,Open data-exchange format that represents all openLCA modelling features using typed JSON/JSON-LD datasets and zip packages.,Repository-managed schema,Active public repository,JSON files in zip packages,"YAML source, JSON/JSON-LD serialization and Protocol Buffers generation",CC0 1.0,GreenDelta openLCA development team,https://github.com/GreenDelta/olca-schema,https://github.com/GreenDelta/olca-schema ; https://github.com/GreenDelta/olca-schema/blob/master/intro.md,Not publicly confirmed
LCA-FMT-0005,HESTIA Data Standard,HESTIA format; HESTIA JSON-LD,HESTIA,"Structured data standard for representing agricultural production cycles, sites, sources, inputs, products, emissions and environmental impact assessments.",Versioned with platform releases,Active,"Expanded/compacted CSV, XLSX and JSON-LD",JSON-LD linked data,Open-source/public technical resources,HESTIA technical team,https://www.hestia.earth/guide/guide-data-standard,https://www.hestia.earth/guide/guide-data-standard,Not publicly confirmed
LCA-FMT-0006,EcoSpold 1,ecoSpold v1,ecoSpold,Historical XML life-cycle inventory exchange format that preceded ecoSpold2 and remains relevant for legacy datasets and converters.,Version 1 legacy format,Superseded / not actively used,Not publicly confirmed,XML,Not publicly confirmed,Historical format; no active maintenance identified,https://support.ecoinvent.org/data-formats-overview,https://support.ecoinvent.org/data-formats-overview ; https://github.com/GreenDelta/olca-schema/blob/master/intro.md,Not publicly confirmed
LCA-FMT-0007,openEPD Interchange Format,openEPD,openEPD,Open JSON/OpenAPI-oriented interchange format for digital environmental product declarations and related entities.,Versioned public specification; exact release identifier requires capture,Active,Not publicly confirmed,JSON-compatible schemas and OpenAPI 3.0,Open implementation principles; repository-level licences,openEPD contributors and reference implementers,https://www.open-epd-forum.org/,https://docs.open-epd-forum.org/en/open-epd-format/ ; https://docs.open-epd-forum.org/en/open-epd-format-1/,Not publicly confirmed
LCA-FMT-0008,PACT Technical Specifications for PCF Data Exchange,PACT Technical Specifications; Pathfinder data exchange protocol,PACT,Versioned data model and HTTP API specification for interoperable exchange of product carbon footprints.,3.0.3 latest stable stated on current index,Active,Not publicly confirmed,JSON/OpenAPI plus simplified Excel/HTML model,Public licence in specification appendix,Partnership for Carbon Transparency (PACT),https://wbcsd.github.io/data-exchange-protocol/,https://wbcsd.github.io/data-exchange-protocol/ ; https://wbcsd.github.io/tr/,Not publicly confirmed
LCA-FMT-0009,LCAx exchange format,LCAx schema,LCAx,"Open JSON-schema-based exchange format for whole-building LCA projects, assemblies, EPDs and impacts.",Versioned through formatVersion and repository releases,Active,Not publicly confirmed,JSON Schema,Apache-2.0 repository licence,LCAx contributors,https://docs.lcax.org/reference/schemas/lcax,https://github.com/ocni-dtu/lcax ; https://docs.lcax.org/reference/schemas/lcax,Not publicly confirmed
LCA-FMT-0010,Catena-X PCF Data Model Guidance,Catena-X PCF data aspect model,Catena-X,Functional data-model guidance defining attributes and lifecycle rules for Catena-X-compliant PCF exchange.,Guidance released 2026-07-01,Active,Not publicly confirmed,Catena-X data aspect model,Catena-X/implementation repository terms,Catena-X PCF/data-model working groups,https://catena-x.net/further-guidance-documents-for-pcf/,https://catena-x.net/further-guidance-documents-for-pcf/,Not publicly confirmed
LCA-FMT-0011,TfS PCF Data Model,TfS Product Carbon Footprint Data Model,TfS,"Technical reporting model specifying PCF fields, nomenclature and formatting for TfS exchange.",Current public model accompanying Guideline v3.0,Active,Not publicly confirmed,Not publicly confirmed,TfS publication terms,TfS Scope 3 GHG programme,https://www.tfs-initiative.com/pcf-guideline,https://www.tfs-initiative.com/pcf-guideline,Not publicly confirmed
LCA-FMT-0012,IDTA Carbon Footprint Submodel Template,IDTA 02023 Carbon Footprint; AAS Carbon Footprint SMT,IDTA / AAS,Official Asset Administration Shell submodel template for product carbon-footprint information.,1.0.1,Published and maintained,Asset Administration Shell submodel representations,Not publicly confirmed,CC BY 4.0 repository licence,IDTA office and admin-shell-io repository,https://github.com/admin-shell-io/submodel-templates,https://github.com/admin-shell-io/submodel-templates ; https://industrialdigitaltwin.org/en/wp-content/uploads/sites/2/2025/03/IDTA-02023_Submodel_CarbonFootprint.pdf,Not publicly confirmed
LCA-FMT-0013,open Building Data Format,openBDF,openBDF,Open protocol and schema for interoperable exchange of building life-cycle and whole-life-carbon data.,Current public version; new version under development,Active/evolving,Uses the LCAx data schema with building-specific protocol,Not publicly confirmed,Presented as open/free; repository-level licence to confirm,GBDI technical community,https://www.gbdi.io/open-data-format,https://www.gbdi.io/open-data-format,Not publicly confirmed
