organization_id,preferred_label,entity_type,normalization_status
ORG-0001,2050 Materials,Company,Actor and role resolved from reviewed public evidence
ORG-0002,22-partner consortium,Not typed in this review,Exact public label
ORG-0003,ADEME,Not typed in this review,Exact public label
ORG-0004,ADEME and programme partners,Not typed in this review,Composite public label—review before splitting
ORG-0005,ADEME-led nine-partner consortium,Not typed in this review,Exact public label
ORG-0006,Advanced Manufacturing Research Centre (AMRC),University / research institution,Actor and role resolved from reviewed public evidence
ORG-0007,AIST-IDEA programme and AIST Solutions licensing service,Not typed in this review,Composite public label—review before splitting
ORG-0008,Alliance HQE-GBC and INIES governance bodies,Not typed in this review,Composite public label—review before splitting
ORG-0009,Altermaker,Company,Distinct public developer/provider label retained; legal entity suffix not independently normalized
ORG-0010,Ansys,Company,Distinct public developer/provider label retained; legal entity suffix not independently normalized
ORG-0011,aPriori,Company,Distinct public developer/provider label retained; legal entity suffix not independently normalized
ORG-0012,Argonne National Laboratory,University / research institution,Actor and role resolved from reviewed public evidence
ORG-0013,ASUENE Inc.,Company,Distinct public developer/provider label retained; legal entity suffix not independently normalized
ORG-0014,Athena Sustainable Materials Institute,Nonprofit / industry organization,Actor and role resolved from reviewed public evidence
ORG-0015,AusLCI Database Committee and sector partners,Not typed in this review,Composite public label—review before splitting
ORG-0016,Australian Life Cycle Assessment Society (ALCAS),Not typed in this review,Exact public label
ORG-0017,Avery Dennison Corporation,Company,Official site identifies atma.io as an Avery Dennison digital venture and trademark
ORG-0018,BACUTI,Company,Distinct public developer/provider label retained; legal entity suffix not independently normalized
ORG-0019,BATTERS,Not typed in this review,Exact public label
ORG-0020,BATTERS / WELOOP experts,Not typed in this review,Composite public label—review before splitting
ORG-0021,BBSR and commissioned technical operators,Not typed in this review,Composite public label—review before splitting
ORG-0022,BBSR-linked technical maintainers and data-network implementers,Not typed in this review,Composite public label—review before splitting
ORG-0023,BioEnergieDat project consortium,Not typed in this review,Exact public label
ORG-0024,BMWSB/BBSR and InData/ECO Platform technical community,Not typed in this review,Composite public label—review before splitting
ORG-0025,BONSAI community,Not typed in this review,Exact public label
ORG-0026,BONSAI data contributors and projects,Not typed in this review,Composite public label—review before splitting
ORG-0027,BONSAI network/contributors,Not typed in this review,Composite public label—review before splitting
ORG-0028,BONSAI not-for-profit association,Not typed in this review,Exact public label
ORG-0029,"BONSAI secretariat, board and contributor network",Not typed in this review,Composite public label—review before splitting
ORG-0030,"Booost, Inc.",Company,Distinct public developer/provider label retained; legal entity suffix not independently normalized
ORG-0031,Building Transparency,Nonprofit / industry organization,Distinct public developer/provider label retained; legal entity suffix not independently normalized
ORG-0032,Bureau Veritas CODDE,Not typed in this review,Exact public label
ORG-0033,C.Scale,Company,Distinct public developer/provider label retained; legal entity suffix not independently normalized
ORG-0034,carbmee,Company,Distinct public developer/provider label retained; legal entity suffix not independently normalized
ORG-0035,Carboledger Inc.,Company,Legal entity resolved from official terms
ORG-0036,Carbon Maps SAS,Company,Legal entity resolved from official terms
ORG-0037,Carbon Minds,Not typed in this review,Exact public label
ORG-0038,CarbonBright AI,Company,Distinct public developer/provider label retained; legal entity suffix not independently normalized
ORG-0039,Carbonfact science team,Not typed in this review,Exact public label
ORG-0040,CarbonSmart,Company,Distinct public developer/provider label retained; legal entity suffix not independently normalized
ORG-0041,Carbonstop,Company,Distinct public developer/provider label retained; legal entity suffix not independently normalized
ORG-0042,CarbonTrail Tech LLP,Company,Legal entity resolved from official privacy notice
ORG-0043,Cascale,Nonprofit / industry organization,Actor and role resolved from reviewed public evidence
ORG-0044,Catena-X Automotive Network e.V.,Not typed in this review,Exact public label
ORG-0045,Catena-X PCF working groups,Not typed in this review,Exact public label
ORG-0046,Catena-X PCF/data-model working groups,Not typed in this review,Composite public label—review before splitting
ORG-0047,CEN/TC 350 and national standards bodies,Not typed in this review,Composite public label—review before splitting
ORG-0048,CEPE LCI project,Not typed in this review,Exact public label
ORG-0049,Chalmers University of Technology-led DeDuCE team,Not typed in this review,Exact public label
ORG-0050,"Chalmers University of Technology, Environmental Systems Analysis",Not typed in this review,Exact public label
ORG-0051,Chris Mutel,Individual,Actor and role resolved from reviewed public evidence
ORG-0052,Christian Kongsgaard,Individual,Actor and role resolved from reviewed public evidence
ORG-0053,CIRAIG / POLARIIS+ collaboration,Not typed in this review,Composite public label—review before splitting
ORG-0054,CIRAIG / project contributors,Not typed in this review,Composite public label—review before splitting
ORG-0055,CIRAIG OpenIO-Canada contributors,Not typed in this review,Exact public label
ORG-0056,CIRAIG Sustainable Consumption Chair,Not typed in this review,Exact public label
ORG-0057,CIRAIG with ecoinvent,Not typed in this review,Exact public label
ORG-0058,Circular Ecology,Not typed in this review,Exact public label
ORG-0059,CircularTree,Company,Distinct public developer/provider label retained; legal entity suffix not independently normalized
ORG-0060,CIRPASS-2 and partner initiatives,Not typed in this review,Composite public label—review before splitting
ORG-0061,CIRPASS-2 European project,Not typed in this review,Exact public label
ORG-0062,Cirrus Nexus,Company,Distinct public developer/provider label retained; legal entity suffix not independently normalized
ORG-0063,CLIC Innovation / ARVI research programme,Not typed in this review,Composite public label—review before splitting
ORG-0064,Climate Farm Demo consortium,Not typed in this review,Exact public label
ORG-0065,ClimateCamp BV,Company,Legal entity resolved from official privacy notice
ORG-0066,ClimatePartner,Company,Distinct public developer/provider label retained; legal entity suffix not independently normalized
ORG-0067,ClimatePoint,Company,Distinct public developer/provider label retained; legal entity suffix not independently normalized
ORG-0068,Climatiq GmbH,Company,Actor and role resolved from reviewed public evidence
ORG-0069,CML-IE; public resources are now largely archival,Not typed in this review,Composite public label—review before splitting
ORG-0070,CO2 AI SAS,Company,Legal entity resolved from official terms
ORG-0071,Consortium for Research on Renewable Industrial Materials (CORRIM),Not typed in this review,Exact public label
ORG-0072,Cornerstone Sustainability Data Initiative,Not typed in this review,Exact public label
ORG-0073,CORRIM and Federal LCA Commons,Not typed in this review,Composite public label—review before splitting
ORG-0074,Dassault Systèmes,Company,Distinct public developer/provider label retained; legal entity suffix not independently normalized
ORG-0075,Daylight Chemical Information Systems (original specification); multiple later dialects,Not typed in this review,Composite public label—review before splitting
ORG-0076,Daylight for original specification; distributed implementer community,Not typed in this review,Composite public label—review before splitting
ORG-0077,DdS board and staff,Not typed in this review,Composite public label—review before splitting
ORG-0078,DdS platform and data engineering team,Not typed in this review,Composite public label—review before splitting
ORG-0079,DeDuCE research team and partners,Not typed in this review,Composite public label—review before splitting
ORG-0080,Delta Electronics,Company,Distinct public developer/provider label retained; legal entity suffix not independently normalized
ORG-0081,Départ de Sentier,Not typed in this review,Exact public label
ORG-0082,Départ de Sentier association,Not typed in this review,Exact public label
ORG-0083,Directorate-General for Environment and Joint Research Centre,Not typed in this review,Composite public label—review before splitting
ORG-0084,Directorate-General for Research and Innovation and Joint Research Centre,Not typed in this review,Composite public label—review before splitting
ORG-0085,Distributed historically through openLCA Nexus,Not typed in this review,Exact public label
ORG-0086,Dutch National Institute for Public Health and the Environment (RIVM) and method authors,Not typed in this review,Composite public label—review before splitting
ORG-0087,EarthShift Global,Company,Distinct public developer/provider label retained; legal entity suffix not independently normalized
ORG-0088,Eaternity,Nonprofit / industry organization,Actor and role resolved from reviewed public evidence
ORG-0089,EC-JRC / European Platform on LCA,Not typed in this review,Composite public label—review before splitting
ORG-0090,ECO Platform AISBL,Not typed in this review,Exact public label
ORG-0091,ECO Platform and connected EPD programme-operator nodes,Not typed in this review,Composite public label—review before splitting
ORG-0092,ECO Platform members and secretariat,Not typed in this review,Composite public label—review before splitting
ORG-0093,Eco-Bat,Company,Distinct public developer/provider label retained; legal entity suffix not independently normalized
ORG-0094,eco-costs/value maintainers,Not typed in this review,Composite public label—review before splitting
ORG-0095,Ecochain Technologies B.V.,Company,Actor and role resolved from reviewed public evidence
ORG-0096,Ecodigit,Company,Distinct public developer/provider label retained; legal entity suffix not independently normalized
ORG-0097,ecoinvent / former EcoSpold development community,Not typed in this review,Composite public label—review before splitting
ORG-0098,ecoinvent Association,Not typed in this review,Exact public label
ORG-0099,ECOSPEED,Company,Distinct public developer/provider label retained; legal entity suffix not independently normalized
ORG-0100,ENEA,Not typed in this review,Exact public label
ORG-0101,ENEA; ARCADIA and successor MASE–ENEA programme,Not typed in this review,Composite public label—review before splitting
ORG-0102,EPD Australasia,Not typed in this review,Exact public label
ORG-0103,EPD Australasia Ltd,Not typed in this review,Exact public label
ORG-0104,EPD International AB,Not typed in this review,Exact public label
ORG-0105,EPDItaly,Not typed in this review,Exact public label
ORG-0106,ERASM,Not typed in this review,Exact public label
ORG-0107,ERASM member-company collaboration,Not typed in this review,Exact public label
ORG-0108,"ERG, Stanford and Watershed-supported initiative",Not typed in this review,Composite public label—review before splitting
ORG-0109,ESGpedia Pte Ltd,Company,Distinct public developer/provider label retained; legal entity suffix not independently normalized
ORG-0110,ESU-services and contributing authors,Not typed in this review,Composite public label—review before splitting
ORG-0111,ESU-services Ltd.,Not typed in this review,Exact public label
ORG-0112,"ETH Zurich, Chair of Ecological Systems Design",University / research institution,Distinct public developer/provider label retained; legal entity suffix not independently normalized
ORG-0113,eTool,Company,Distinct public developer/provider label retained; legal entity suffix not independently normalized
ORG-0114,EUDPP ontology contributors via DPP Vocabulary Hub,Not typed in this review,Exact public label
ORG-0115,EuGeos / Chris Foster,Not typed in this review,Composite public label—review before splitting
ORG-0116,Eurobitume,Not typed in this review,Exact public label
ORG-0117,EUROFER Stainless,Not typed in this review,Exact public label
ORG-0118,European Aluminium,Nonprofit / industry organization,Actor and role resolved from reviewed public evidence
ORG-0119,European Commission,Not typed in this review,Exact public label
ORG-0120,European Commission Joint Research Centre,Not typed in this review,Exact public label
ORG-0121,European Commission Joint Research Centre and Directorate-General for Environment,Not typed in this review,Composite public label—review before splitting
ORG-0122,European Commission Joint Research Centre and Environmental Footprint governance,Not typed in this review,Composite public label—review before splitting
ORG-0123,European Commission-funded NEEDS project consortium,Not typed in this review,Exact public label
ORG-0124,European Committee for Standardization (CEN),Not typed in this review,Exact public label
ORG-0125,European Container Glass Federation (FEVE),Not typed in this review,Exact public label
ORG-0126,"European Council of the Paint, Printing Ink and Artists' Colours Industry (CEPE)",Not typed in this review,Composite public label—review before splitting
ORG-0127,European LIFE programme consortium,Not typed in this review,Exact public label
ORG-0128,European Platform on Life Cycle Assessment,Not typed in this review,Exact public label
ORG-0129,European Platform on Life Cycle Assessment / EC-JRC,Not typed in this review,Composite public label—review before splitting
ORG-0130,European Platform on Life Cycle Assessment / JRC,Not typed in this review,Composite public label—review before splitting
ORG-0131,Evah Associates,Not typed in this review,Exact public label
ORG-0132,Evalue8 Sustainability Pty Ltd,Company,Legal entity resolved from official terms
ORG-0133,EVEA,Company,Distinct public developer/provider label retained; legal entity suffix not independently normalized
ORG-0134,EXIOBASE consortium,Not typed in this review,Exact public label
ORG-0135,EXIOBASE research consortium; current releases distributed on Zenodo,Not typed in this review,Composite public label—review before splitting
ORG-0136,Expanding Circle Ltd (trading as Altruistiq),Company,Legal entity resolved from official company information
ORG-0137,FAO-coordinated expert and institutional community,Not typed in this review,Composite public label—review before splitting
ORG-0138,Federal LCA Commons,Public consortium / community,Actor and role resolved from reviewed public evidence
ORG-0139,Federal University of Technology – Paraná (UTFPR),University / research institution,Actor and role resolved from reviewed public evidence
ORG-0140,FEVE,Not typed in this review,Exact public label
ORG-0141,Fitsol Limited,Company,Legal entity resolved from official terms
ORG-0142,FLCAC administrators; development resources hosted publicly,Not typed in this review,Composite public label—review before splitting
ORG-0143,FOEN/BAFU and commissioned technical partners,Not typed in this review,Composite public label—review before splitting
ORG-0144,Food and Agriculture Organization of the United Nations (FAO) and contributing language institutions,Not typed in this review,Composite public label—review before splitting
ORG-0145,FoodOn open inter-agency community,Not typed in this review,Exact public label
ORG-0146,FoodOntology contributors / OBO Foundry,Not typed in this review,Composite public label—review before splitting
ORG-0147,FOODTURE Horizon Europe consortium,Not typed in this review,Exact public label
ORG-0148,Forest Research Institute Malaysia (FRIM) and Malaysian Timber Industry Board (MTIB),Not typed in this review,Composite public label—review before splitting
ORG-0149,Forum for Sustainability through Life Cycle Innovation e.V.,Not typed in this review,Exact public label
ORG-0150,Framework authors,Not typed in this review,Exact public label
ORG-0151,FRED GmbH,Company,Distinct public developer/provider label retained; legal entity suffix not independently normalized
ORG-0152,FSLCI secretariat and member community,Not typed in this review,Composite public label—review before splitting
ORG-0153,Fujitsu Limited,Company,Distinct public developer/provider label retained; legal entity suffix not independently normalized
ORG-0154,Fundación InnovaCiclos,Not typed in this review,Exact public label
ORG-0155,Fundación InnovaCiclos / EcoEd,Not typed in this review,Composite public label—review before splitting
ORG-0156,GBDI consortium,Not typed in this review,Exact public label
ORG-0157,GBDI technical community,Not typed in this review,Exact public label
ORG-0158,German Environment Agency,Not typed in this review,Exact public label
ORG-0159,"German Environment Agency (Umweltbundesamt, UBA)",Not typed in this review,Exact public label
ORG-0160,"German Federal Ministry for Housing, Urban Development and Building (BMWSB) / Federal Institute for Research on Building, Urban Affairs and Spatial Development (BBSR)",Not typed in this review,Composite public label—review before splitting
ORG-0161,GFLI Secretariat and data-project partners,Not typed in this review,Composite public label—review before splitting
ORG-0162,GFLI technical and methodology groups,Not typed in this review,Composite public label—review before splitting
ORG-0163,GHG Protocol,Not typed in this review,Exact public label
ORG-0164,GHG Protocol secretariat and multi-stakeholder governance bodies,Not typed in this review,Composite public label—review before splitting
ORG-0165,Global Building Data Initiative,Not typed in this review,Exact public label
ORG-0166,Global Building Data Initiative under GLOBE,Not typed in this review,Exact public label
ORG-0167,Global Climate Changer GmbH,Company,Distinct public developer/provider label retained; legal entity suffix not independently normalized
ORG-0168,"Global CO2 Initiative, University of Michigan",Not typed in this review,Exact public label
ORG-0169,Global Feed LCA Institute,Not typed in this review,Exact public label
ORG-0170,Government of Quebec / CIRAIG,Not typed in this review,Composite public label—review before splitting
ORG-0171,Green Gold Label Foundation,Nonprofit / industry organization,Actor and role resolved from reviewed public evidence
ORG-0172,GreenDelta,Not typed in this review,Exact public label
ORG-0173,GreenDelta GmbH,Company,Actor and role resolved from reviewed public evidence
ORG-0174,GreenDelta GmbH / TRIPLELINK,Not typed in this review,Composite public label—review before splitting
ORG-0175,GreenDelta openLCA development team,Not typed in this review,Exact public label
ORG-0176,GreenGrocer consortium,Not typed in this review,Exact public label
ORG-0177,GreenStitch Technologies PVT LTD,Company,Distinct public developer/provider label retained; legal entity suffix not independently normalized
ORG-0178,"Hangzhou Qinglvlan Environmental Digital Technology Co., Ltd.",Company,Actor and role resolved from reviewed public evidence
ORG-0179,Helmholtz Centre for Environmental Research (UFZ),Not typed in this review,Exact public label
ORG-0180,HESTIA project / University of Oxford,Not typed in this review,Composite public label—review before splitting
ORG-0181,HESTIA team and contributor community,Not typed in this review,Composite public label—review before splitting
ORG-0182,HESTIA technical team,Not typed in this review,Exact public label
ORG-0183,HiQ Data,Not typed in this review,Exact public label
ORG-0184,Historical format; no active maintenance identified,Not typed in this review,Composite public label—review before splitting
ORG-0185,Horizon Europe consortium,Not typed in this review,Exact public label
ORG-0186,HowGood,Company,Distinct public developer/provider label retained; legal entity suffix not independently normalized
ORG-0187,Ibict — Coordenação de Tecnologias Aplicadas a Novos Produtos,Not typed in this review,Exact public label
ORG-0188,ICMQ S.p.A. Società Benefit / EPDItaly,Not typed in this review,Composite public label—review before splitting
ORG-0189,IDTA office and admin-shell-io repository,Not typed in this review,Composite public label—review before splitting
ORG-0190,IINAS,Not typed in this review,Exact public label
ORG-0191,IKE Environmental Technology,Company,Distinct public developer/provider label retained; legal entity suffix not independently normalized
ORG-0192,IKE Environmental Technology / Sichuan University lineage,Not typed in this review,Composite public label—review before splitting
ORG-0193,"IKE Environmental Technology Co., Ltd.",Not typed in this review,Exact public label
ORG-0194,IMPACT World+ method development team,Not typed in this review,Exact public label
ORG-0195,IMPACT World+ scientific consortium,Not typed in this review,Exact public label
ORG-0196,InChI Trust,Not typed in this review,Exact public label
ORG-0197,Industrial Digital Twin Association,Not typed in this review,Exact public label
ORG-0198,INIES governance partners under French public convention,Not typed in this review,Exact public label
ORG-0199,InnoBlock Technology Ltd,Company,Distinct public developer/provider label retained; legal entity suffix not independently normalized
ORG-0200,INRAE,Not typed in this review,Exact public label
ORG-0201,INRAE ontology team and Recherche Data Gouv/AgroPortal,Not typed in this review,Composite public label—review before splitting
ORG-0202,"Institute for Information Industry, Digital Transformation Research Institute",University / research institution,Distinct public developer/provider label retained; legal entity suffix not independently normalized
ORG-0203,Instituto Brasileiro de Informação em Ciência e Tecnologia (Ibict/MCTI),Not typed in this review,Composite public label—review before splitting
ORG-0204,"Instituto de Ingeniería UNAM, Red Mexicana de Análisis de Ciclo de Vida and collaborators",Not typed in this review,Composite public label—review before splitting
ORG-0205,Intergovernmental Panel on Climate Change,Not typed in this review,Exact public label
ORG-0206,International Aluminium Institute,Nonprofit / industry organization,Actor and role resolved from reviewed public evidence
ORG-0207,International CCU Assessment Harmonization Group,Not typed in this review,Exact public label
ORG-0208,International Copper Association,Not typed in this review,Exact public label
ORG-0209,International EPD System,Not typed in this review,Exact public label
ORG-0210,International Institute for Sustainability Analysis and Strategy (IINAS),Not typed in this review,Composite public label—review before splitting
ORG-0211,International Organization for Standardization,Not typed in this review,Exact public label
ORG-0212,International Organization for Standardization (ISO),Not typed in this review,Exact public label
ORG-0213,International Zinc Association,Not typed in this review,Exact public label
ORG-0214,IPCC Task Force on National Greenhouse Gas Inventories,Not typed in this review,Exact public label
ORG-0215,IPCC Working Group I assessment process,Not typed in this review,Exact public label
ORG-0216,iPoint-systems GmbH,Company,Actor and role resolved from reviewed public evidence
ORG-0217,ISO/TC 207/SC 3,Not typed in this review,Composite public label—review before splitting
ORG-0218,ISO/TC 207/SC 5,Not typed in this review,Composite public label—review before splitting
ORG-0219,ISO/TC 207/SC 7,Not typed in this review,Composite public label—review before splitting
ORG-0220,ITeC,Company,Distinct public developer/provider label retained; legal entity suffix not independently normalized
ORG-0221,IUPAC and InChI Trust,Not typed in this review,Composite public label—review before splitting
ORG-0222,IZUBA énergies,Company,Distinct public developer/provider label retained; legal entity suffix not independently normalized
ORG-0223,"Kanso, Inc. / Carbonfact",Not typed in this review,Composite public label—review before splitting
ORG-0224,Kassel Institute for Sustainability data repository,Not typed in this review,Exact public label
ORG-0225,KieranTimberlake,Company,Distinct public developer/provider label retained; legal entity suffix not independently normalized
ORG-0226,Kimel Tech SpA,Company,Actor and role resolved from reviewed public evidence
ORG-0227,Kiwa,Company,Distinct public developer/provider label retained; legal entity suffix not independently normalized
ORG-0228,Kleis Technology,Company,Actor and role resolved from reviewed public evidence
ORG-0229,Korea Environmental Industry & Technology Institute (KEITI),Not typed in this review,Exact public label
ORG-0230,LC-IMPACT project; openLCA adaptation by GreenDelta GmbH,Not typed in this review,Composite public label—review before splitting
ORG-0231,LCA CARE project consortium,Public consortium / community,Actor and role resolved from reviewed public evidence
ORG-0232,LCA Japan Forum,Not typed in this review,Exact public label
ORG-0233,LCA Society of Japan / LCA Japan Forum,Not typed in this review,Composite public label—review before splitting
ORG-0234,LCA to BIM Workflow research project,Not typed in this review,Exact public label
ORG-0235,LCA.no AS,Company,Legal entity resolved from official privacy notice
ORG-0236,LCAx contributors,Not typed in this review,Exact public label
ORG-0237,LCAx open-source project / OCNI-DTU contributors,Not typed in this review,Composite public label—review before splitting
ORG-0238,LCIE Bureau Veritas,Not typed in this review,Exact public label
ORG-0239,Legacy project data; openLCA conversion maintained historically by GreenDelta,Not typed in this review,Composite public label—review before splitting
ORG-0240,Legacy project portal; dataset owners include KIT and partners,Not typed in this review,Composite public label—review before splitting
ORG-0241,"Leiden University, Institute of Environmental Sciences (CML)",Not typed in this review,Exact public label
ORG-0242,Leonardo Ferhati,Individual,Actor and role resolved from reviewed public evidence
ORG-0243,Life Cycle Initiative / participating nodes,Not typed in this review,Composite public label—review before splitting
ORG-0244,Life Cycle Initiative GLAM stewardship community,Not typed in this review,Exact public label
ORG-0245,Life Cycle Initiative hosted at UNEP,Not typed in this review,Exact public label
ORG-0246,Life Cycle Initiative secretariat and steering governance,Not typed in this review,Composite public label—review before splitting
ORG-0247,Life Cycle Initiative with scientific partners,Not typed in this review,Exact public label
ORG-0248,Lifecycles,Company,Actor and role resolved from reviewed public evidence
ORG-0249,Makersite GmbH,Company,Distinct public developer/provider label retained; legal entity suffix not independently normalized
ORG-0250,Mérieux NutriSciences | Blonk,Not typed in this review,Exact public label
ORG-0251,MexiLCA initiative,Not typed in this review,Exact public label
ORG-0252,Microsoft,Company,Distinct public developer/provider label retained; legal entity suffix not independently normalized
ORG-0253,"Ministry of Climate, Energy and Environment / Korea Environmental Industry & Technology Institute",Not typed in this review,Composite public label—review before splitting
ORG-0254,Minviro,Not typed in this review,Exact public label
ORG-0255,Minviro Ltd,Company,Actor and role resolved from reviewed public evidence
ORG-0256,Muir AI,Company,Distinct public developer/provider label retained; legal entity suffix not independently normalized
ORG-0257,National Institute for Public Health and the Environment (RIVM),Not typed in this review,Composite public label—review before splitting
ORG-0258,National Institute of Advanced Industrial Science and Technology (AIST),Not typed in this review,Composite public label—review before splitting
ORG-0259,National Laboratory of the Rockies on Federal LCA Commons,Not typed in this review,Exact public label
ORG-0260,National Science and Technology Development Agency (NSTDA) / MTEC-TIIS and national partners,Not typed in this review,Composite public label—review before splitting
ORG-0261,New Earth / Social Hotspots Database provider,Not typed in this review,Composite public label—review before splitting
ORG-0262,Nickel Institute,Not typed in this review,Exact public label
ORG-0263,No current maintainer publicly confirmed,Not typed in this review,Exact public label
ORG-0264,Oliver Kusche Research & Consulting (OKWorx),Company,Actor and role resolved from reviewed public evidence
ORG-0265,One Click LCA Oy Ltd,Company,Actor and role resolved from reviewed public evidence
ORG-0266,Ontology-pattern authors,Not typed in this review,Exact public label
ORG-0267,Open Sustainable Technology community,Not typed in this review,Exact public label
ORG-0268,openEPD contributors and reference implementers,Not typed in this review,Composite public label—review before splitting
ORG-0269,openEPD Forum / Building Transparency ecosystem,Not typed in this review,Composite public label—review before splitting
ORG-0270,Optel Group,Company,Distinct public developer/provider label retained; legal entity suffix not independently normalized
ORG-0271,Partnership for Carbon Transparency,Not typed in this review,Exact public label
ORG-0272,Partnership for Carbon Transparency (PACT),Not typed in this review,Exact public label
ORG-0273,Paul Scherrer Institute,University / research institution,Actor and role resolved from reviewed public evidence
ORG-0274,Peruvian Life Cycle Network (PELCAN),Not typed in this review,Exact public label
ORG-0275,Peruvian Life Cycle Network / Pontificia Universidad Católica del Perú and project partners,Not typed in this review,Composite public label—review before splitting
ORG-0276,PFN secretariat and member/collaborator community,Not typed in this review,Composite public label—review before splitting
ORG-0277,PFN technical community convened by EA – Earth Action,Not typed in this review,Exact public label
ORG-0278,PILARIO SA,Company,Legal entity resolved from official privacy notice
ORG-0279,PIQET Consortium,Public consortium / community,Actor and role resolved from reviewed public evidence
ORG-0280,PlanetFWD Inc.,Company,Legal entity resolved from official privacy notice
ORG-0281,Plastic Footprint Network,Not typed in this review,Exact public label
ORG-0282,Plastic Footprint Network convened by EA – Earth Action,Not typed in this review,Exact public label
ORG-0283,Plastics Europe,Not typed in this review,Exact public label
ORG-0284,Plastics Europe and relevant sector groups,Not typed in this review,Composite public label—review before splitting
ORG-0285,Potsdam Institute for Climate Impact Research,University / research institution,Actor and role resolved from reviewed public evidence
ORG-0286,PRé Sustainability B.V.,Company,Actor and role resolved from reviewed public evidence
ORG-0287,PRIMUS project / Plastics Recyclers Europe,Not typed in this review,Composite public label—review before splitting
ORG-0288,product impact team,Not typed in this review,Exact public label
ORG-0289,productimpact.info,Not typed in this review,Exact public label
ORG-0290,Project author/community repository,Not typed in this review,Composite public label—review before splitting
ORG-0291,protontypes/open-sustainable-technology maintainers and contributors,Not typed in this review,Composite public label—review before splitting
ORG-0292,PubChem,Not typed in this review,Exact public label
ORG-0293,PwC / Ecobilan,Company,Distinct public developer/provider label retained; legal entity suffix not independently normalized
ORG-0294,Quantis,Not typed in this review,Exact public label
ORG-0295,Quantis and Kleis Technology,Company,Distinct public developer/provider label retained; legal entity suffix not independently normalized
ORG-0296,Quantis and WFLDB partners,Not typed in this review,Composite public label—review before splitting
ORG-0297,Red Iberoamericana de Ciclo de Vida,Not typed in this review,Exact public label
ORG-0298,RICV board and member networks,Not typed in this review,Composite public label—review before splitting
ORG-0299,Riskoa Ltd,Company,Distinct public developer/provider label retained; legal entity suffix not independently normalized
ORG-0300,RIVM public distribution,Not typed in this review,Exact public label
ORG-0301,RIVM; LCI update performed by Mérieux NutriSciences | Blonk,Not typed in this review,Composite public label—review before splitting
ORG-0302,RWTH Aachen University,University / research institution,Actor and role resolved from reviewed public evidence
ORG-0303,RWTH design-computation project contributors,Not typed in this review,Exact public label
ORG-0304,SAP,Company,Distinct public developer/provider label retained; legal entity suffix not independently normalized
ORG-0305,Scientific publication and author community,Not typed in this review,Composite public label—review before splitting
ORG-0306,Semantum,Company,Distinct public developer/provider label retained; legal entity suffix not independently normalized
ORG-0307,"Shanghai HiQ Smart Data Co., Ltd.",Not typed in this review,Exact public label
ORG-0308,SimaPro B.V.,Company,Actor and role resolved from reviewed public evidence
ORG-0309,sinum,Company,Distinct public developer/provider label retained; legal entity suffix not independently normalized
ORG-0310,SIRIM Berhad,Not typed in this review,Exact public label
ORG-0311,SIRIM Energy & Environment Centre,Not typed in this review,Exact public label
ORG-0312,SKZ — Das Kunststoff-Zentrum,Company,Distinct public developer/provider label retained; legal entity suffix not independently normalized
ORG-0313,"Sluicebox, Inc.",Company,Legal entity resolved from official privacy notice
ORG-0314,Smart Tradzt,Company,Distinct public developer/provider label retained; legal entity suffix not independently normalized
ORG-0315,Social Hotspots Database team,Not typed in this review,Exact public label
ORG-0316,Solid Forest,Company,Distinct public developer/provider label retained; legal entity suffix not independently normalized
ORG-0317,Sphera,Not typed in this review,Exact public label
ORG-0318,"Sphera Solutions, Inc.",Company,Actor and role resolved from reviewed public evidence
ORG-0319,Startrust,Company,Distinct public developer/provider label retained; legal entity suffix not independently normalized
ORG-0320,Studio Gear Up,Company,Actor and role resolved from reviewed public evidence
ORG-0321,Substain,Company,Distinct public developer/provider label retained; legal entity suffix not independently normalized
ORG-0322,Sustainable Impact Metrics Foundation / Delft University of Technology lineage,Not typed in this review,Composite public label—review before splitting
ORG-0323,Sustech,Company,Distinct public developer/provider label retained; legal entity suffix not independently normalized
ORG-0324,Swedish Life Cycle Center,Not typed in this review,Exact public label
ORG-0325,Swiss Federal Office for the Environment (FOEN/BAFU),Not typed in this review,Composite public label—review before splitting
ORG-0326,Swiss Federal Offices,Not typed in this review,Exact public label
ORG-0327,Taiwan Web Service Corporation,Company,Distinct public developer/provider label retained; legal entity suffix not independently normalized
ORG-0328,Tanso Technologies GmbH,Company,Distinct public developer/provider label retained; legal entity suffix not independently normalized
ORG-0329,"Technology and Informatics Institute for Sustainability (TIIS), NSTDA",Not typed in this review,Composite public label—review before splitting
ORG-0330,Terrascope Pte. Ltd.,Company,Legal entity resolved from official terms
ORG-0331,Textile Exchange,Not typed in this review,Exact public label
ORG-0332,Textile Exchange in partnership with SCS Global Services,Not typed in this review,Exact public label
ORG-0333,TfS Scope 3 GHG programme,Not typed in this review,Exact public label
ORG-0334,The Circulate Initiative,Nonprofit / industry organization,Distinct public developer/provider label retained; legal entity suffix not independently normalized
ORG-0335,The European Steel Association (EUROFER),Not typed in this review,Exact public label
ORG-0336,The Evah Institute,Not typed in this review,Exact public label
ORG-0337,The Evah Institute / Ecquate Pty Ltd,Not typed in this review,Composite public label—review before splitting
ORG-0338,TianGong community,Not typed in this review,Exact public label
ORG-0339,TianGong LCA Data Working Group and platform community,Not typed in this review,Composite public label—review before splitting
ORG-0340,"TianGong LCA research team, Tsinghua University",University / research institution,Actor and role resolved from reviewed public evidence
ORG-0341,TianGong platform developers,Not typed in this review,Exact public label
ORG-0342,TianGong project / Carbon Footprint Industry Alliance ecosystem,Not typed in this review,Composite public label—review before splitting
ORG-0343,TIDAS development community,Not typed in this review,Exact public label
ORG-0344,tishchungoora/lca-ontology repository maintainer,Not typed in this review,Composite public label—review before splitting
ORG-0345,Together for Sustainability,Not typed in this review,Exact public label
ORG-0346,Trace One,Company,Distinct public developer/provider label retained; legal entity suffix not independently normalized
ORG-0347,Trayak,Company,Distinct public developer/provider label retained; legal entity suffix not independently normalized
ORG-0348,Tsinghua University,University / research institution,Actor and role resolved from reviewed public evidence
ORG-0349,U.S. Department of Energy,Public body,Actor and role resolved from reviewed public evidence
ORG-0350,U.S. Department of Energy / National Laboratory of the Rockies,Not typed in this review,Composite public label—review before splitting
ORG-0351,U.S. Environmental Protection Agency,Public body,Actor and role resolved from reviewed public evidence
ORG-0352,U.S. Federal LCA Commons agencies,Not typed in this review,Exact public label
ORG-0353,U.S. Federal LCA Commons partners,Not typed in this review,Exact public label
ORG-0354,Uhuru Corporation,Company,Distinct public developer/provider label retained; legal entity suffix not independently normalized
ORG-0355,UNEP-hosted Life Cycle Initiative,Not typed in this review,Exact public label
ORG-0356,United Nations Environment Programme,Not typed in this review,Exact public label
ORG-0357,United States Environmental Protection Agency,Not typed in this review,Exact public label
ORG-0358,University of Kassel authors / BBSR-funded project,Not typed in this review,Composite public label—review before splitting
ORG-0359,University of Oxford,University / research institution,Actor and role resolved from reviewed public evidence
ORG-0360,University of Oxford / HESTIA project,Not typed in this review,Composite public label—review before splitting
ORG-0361,University of Sheffield,University / research institution,Actor and role resolved from reviewed public evidence
ORG-0362,US Environmental Protection Agency,Not typed in this review,Exact public label
ORG-0363,US EPA Office of Research and Development,Not typed in this review,Composite public label—review before splitting
ORG-0364,US EPA research programme,Not typed in this review,Exact public label
ORG-0365,US EPA research team,Not typed in this review,Exact public label
ORG-0366,US National Library of Medicine / National Center for Biotechnology Information,Not typed in this review,Composite public label—review before splitting
ORG-0367,USDA National Agricultural Library with collaborating federal agencies,Not typed in this review,Exact public label
ORG-0368,VERSO GmbH,Company,Distinct public developer/provider label retained; legal entity suffix not independently normalized
ORG-0369,Vocabulary Hub / Semantic Treehouse maintainers,Not typed in this review,Composite public label—review before splitting
ORG-0370,Walloon Agricultural Research Centre (CRA-W),University / research institution,Actor and role resolved from reviewed public evidence
ORG-0371,WAP Sustainability,Not typed in this review,Exact public label
ORG-0372,"WAP Sustainability, LLC",Company,Actor and role resolved from reviewed public evidence
ORG-0373,Watershed Technology,Not typed in this review,Exact public label
ORG-0374,WeCarbon Technology Ltd,Company,Distinct public developer/provider label retained; legal entity suffix not independently normalized
ORG-0375,World Business Council for Sustainable Development,Not typed in this review,Exact public label
ORG-0376,World Resources Institute and World Business Council for Sustainable Development,Not typed in this review,Composite public label—review before splitting
ORG-0377,World Steel Association,Not typed in this review,Exact public label
ORG-0378,Worldly,Company,Actor and role resolved from reviewed public evidence
ORG-0379,worldsteel,Not typed in this review,Exact public label
ORG-0380,Wormhole Technologies Inc.,Company,Distinct public developer/provider label retained; legal entity suffix not independently normalized
ORG-0381,WP1 led by ADEME within the FOODTURE consortium,Not typed in this review,Exact public label
ORG-0382,WULCA,Not typed in this review,Exact public label
ORG-0383,WULCA working group / UNEP-SETAC Life Cycle Initiative community,Not typed in this review,Composite public label—review before splitting
ORG-0384,"Yantai Haiyi Software Co., Ltd.",Company,Distinct public developer/provider label retained; legal entity suffix not independently normalized
ORG-0385,YuzeData Inc.,Company,Company identity resolved from official company publication
