relationship_id,source_asset_id,source_asset_name,source_resolution,target_asset_id,target_asset_name,target_resolution,relationship_type,status,evidence,constraints,validation_question,mapping_artifact_id
REL-0001,LCA-DB-0001,ecoinvent database,Exact asset-name match,LCA-FMT-0001,ecoSpold2,Exact asset-name match,native data format,Confirmed,ecoinvent states ecoSpold2 is used to create inventories for version 3.,Licence governs data reuse.,Confirm current schema release identifier.,
REL-0002,LCA-SW-0002,Brightway,Exact asset-name match,LCA-FMT-0001,ecoSpold2,Exact asset-name match,import compatibility,Confirmed,ecoinvent states Brightway2 supports ecoSpold2 import.,Version-specific behavior not yet tested.,Which Brightway generations support which schema revisions?,MAP-0006
REL-0003,LCA-SW-0001,SimaPro desktop edition,Exact asset-name match,LCA-DB-0001,ecoinvent database,Exact asset-name match,bundled/licensed database,Confirmed,SimaPro publicly lists ecoinvent among included databases.,Licence and plan determine access.,Record exact library versions by SimaPro release.,
REL-0004,LCA-REP-0001,openLCA Nexus,Exact asset-name match,LCA-SW-0003,openLCA,Exact asset-name match,companion repository,Confirmed,Nexus describes data packages prepared for openLCA.,Registration or purchase is required for downloads.,Is a public catalogue API available?,
REL-0005,LCA-SW-0003,openLCA,Exact asset-name match,,ILCD Data Format,External or unresolved endpoint,import/export compatibility,Confirmed,openLCA features page lists ILCD import and export.,Semantic profiles may differ.,Validate eILCD and ILCD+EPD support separately.,
REL-0006,,Federal LCA Commons,External or unresolved endpoint,LCA-SW-0003,openLCA,Exact asset-name match,platform dependency,Confirmed,FLCAC states the platform is based on openLCA Collaboration Server.,Server and desktop are distinct components.,Record Collaboration Server version and schema.,
REL-0007,,Federal LCA Commons,External or unresolved endpoint,,FEDEFL,External or unresolved endpoint,nomenclature dependency,Confirmed,FLCAC identifies FEDEFL as its harmonization flow list.,Mappings may be version-specific.,Capture release and persistent identifiers.,
REL-0008,,USLCI,External or unresolved endpoint,,Federal LCA Commons,External or unresolved endpoint,hosted repository,Confirmed,FLCAC hosts the public USLCI repository.,Repository-level terms apply.,Confirm licence and dataset review metadata.,
REL-0009,,USLCI,External or unresolved endpoint,,FEDEFL,External or unresolved endpoint,flow harmonization,Confirmed at platform level,FLCAC resources link USLCI and FEDEFL harmonization guidance.,Per-dataset alignment may vary.,Measure proportion mapped to current FEDEFL.,
REL-0010,,GLAM,External or unresolved endpoint,,GLAD,External or unresolved endpoint,nomenclature and LCI-LCIA linkage,Confirmed,GLAM page states consistent linkage with GLAD nomenclature for software implementation.,Implementation coverage is not yet verified.,Which software already implements the mapping?,
REL-0011,,LCDN,External or unresolved endpoint,,ILCD Data Format,External or unresolved endpoint,schema dependency,Confirmed,EC-JRC provides ILCD/eILCD tools for LCDN publication and analysis.,Multiple compliance profiles exist.,"Separate ILCD, eILCD and EF profiles in final model?",
REL-0012,,FEDEFL,External or unresolved endpoint,,SimaPro/openLCA/ecoinvent flow lists,External or unresolved endpoint,mapping,Confirmed,FLCAC publishes mapping instructions for these third-party flow lists.,Mapping completeness and versions need audit.,"Capture files, versions and coverage metrics.",
REL-0013,LCA-DB-0004,AGRIBALYSE,Exact asset-name match,LCA-DB-0001,ecoinvent database,Exact asset-name match,background data dependency,Confirmed,ADEME documents ecoinvent background processes and licence conditions.,ecoinvent rights constrain full LCI use.,Track background database version per AGRIBALYSE release.,
REL-0014,LCA-DB-0003,Agri-footprint,Exact asset-name match,LCA-MTH-0002,ReCiPe 2016,Exact asset-name match,method implementation,Confirmed,Provider states version 7 was developed using ReCiPe 2016 Midpoint H.,Method implementation and flow mapping may be version-specific.,Capture characterization package version.,
REL-0015,LCA-DB-0005,BAFU:2025 life cycle inventory database,Exact asset-name match,LCA-REP-0001,openLCA Nexus,Exact asset-name match,distribution,Confirmed,FOEN publications cite the Nexus BAFU catalogue as the publication channel.,Nexus registration required for package download.,Confirm package format and full licence.,
REL-0016,LCA-DB-0009,Banca Dati Italiana LCA,Exact asset-name match,,ILCD Data Format,External or unresolved endpoint,schema dependency,Confirmed,Public dataset metadata records ILCD format 1.1 and UUID/version fields.,Full exchanges require registration.,Audit stock-level compliance profiles.,
REL-0017,LCA-DB-0009,Banca Dati Italiana LCA,Exact asset-name match,,LCDN,External or unresolved endpoint,network node,Confirmed,ENEA operates a soda4LCA/ILCD-style node designed for LCDN publication.,Node stocks can have different access conditions.,Confirm current central registration status.,
REL-0018,,USEEIO,External or unresolved endpoint,LCA-DB-0007,EXIOBASE 3,Exact asset-name match,import emission factors,Confirmed for selected variants,Current useeior releases describe EXIOBASE import-emission-factor integration.,Only selected model variants use this input.,Record exact USEEIO model specification.,
REL-0019,LCA-SW-0005,Sphera LCA for Experts,Exact asset-name match,LCA-DB-0011,Sphera Managed LCA Content,Exact asset-name match,companion software/content,Confirmed,Sphera presents the software and managed content as separate but integrated offerings.,Commercial licences apply.,Capture version compatibility by annual release.,
REL-0020,LCA-PLT-0001,TianGong LCA Platform,Exact asset-name match,,TIDAS,External or unresolved endpoint,native data system,Confirmed,Official documentation states the platform is built on TIDAS.,Independent conformance testing not completed.,Which platform release implements which schema release?,
REL-0021,LCA-DB-0012,TianGong LCA Database,Exact asset-name match,LCA-PLT-0001,TianGong LCA Platform,Exact asset-name match,hosted/reference data,Confirmed,Official pages distinguish the reference database from the platform used to create and access it.,Account conditions vary by action.,Record dataset-level licence and review status.,
REL-0022,LCA-MTH-0003,Product Environmental Footprint method,Exact asset-name match,,ILCD/eILCD format family,External or unresolved endpoint,implementation profile,Confirmed at programme level,EC developer resources provide EF-compliant data-format profiles and nodes through EPLCA/LCDN.,Profile/version granularity remains open.,Model EF data format as a profile or separate asset?,
REL-0023,LCA-NOM-0002,BONSAI Core Ontology,Exact asset-name match,LCA-DB-0007,EXIOBASE 3,Exact asset-name match,semantic modelling/use case,Documented,BONSAI research uses industrial-ecology data including EXIOBASE to test semantic modelling.,Research demonstration does not prove production interoperability.,Which current releases are mapped?,
REL-0024,LCA-NOM-0004,LCABIM ontology stack,Exact asset-name match,,ILCD/eILCD format family,External or unresolved endpoint,semantic import/mapping,Confirmed,LCABIM publishes an ILCD core module and indicator vocabularies.,Draft status and construction scope.,Validate round-trip data fidelity.,
REL-0025,LCA-SW-0006,Lavoisier,Exact asset-name match,LCA-FMT-0001,ecoSpold2,Exact asset-name match,bidirectional conversion support,Confirmed,The official repository and 2026 paper document EcoSpold 2 input/output conversion.,Some EcoSpold-specific metadata and reference-list constraints can cause incomplete conversion.,Record the exact ecoSpold2 schema and elementary-flow-list versions used by each release.,MAP-0001
REL-0026,LCA-SW-0006,Lavoisier,Exact asset-name match,,ILCD Data Format,External or unresolved endpoint,bidirectional conversion support,Confirmed,The official repository and 2026 paper document ILCD 1 input/output conversion.,The implementation does not yet cover the full eILCD model scope and some target-format fields have no equivalent.,Track ILCD/eILCD profile support by stable software release.,
REL-0027,LCA-SW-0006,Lavoisier,Exact asset-name match,,GLAD network,External or unresolved endpoint,elementary-flow mapping dependency,Confirmed for the published implementation,The paper and repository state that GLAD elementary-flow mapping files support conversions between the referenced flow lists.,Mapping completeness and reference-list versions constrain results.,Capture the exact GLAD mapping release and coverage metrics used in each conversion pathway.,
REL-0028,LCA-DB-0013,Base Empreinte®,Exact asset-name match,LCA-DB-0001,ecoinvent database,Exact asset-name match,background-data and licence dependency,Confirmed,ADEME states that newer multicriteria data are progressively sourced from ecoinvent and publishes specific reuse limits.,Reuse and software redistribution depend on ecoinvent-derived content.,Record source/licence at dataset level.,
REL-0029,LCA-DB-0015,ÖKOBAUDAT,Exact asset-name match,LCA-FMT-0003,ILCD+EPD data format,Exact asset-name match,native exchange format,Confirmed,The federal download page states that ÖKOBAUDAT uses ILCD+EPD and publishes matching developer and validation resources.,Profiles and maintenance releases must match.,Record format/profile per database release.,
REL-0030,LCA-DB-0015,ÖKOBAUDAT,Exact asset-name match,LCA-STD-0004,EN 15804:2012+A2:2019+AC:2021,Exact asset-name match,conformance requirement,Confirmed,ÖKOBAUDAT admission principles and validation profiles require EN 15804-aligned EPD data.,National profile requirements extend the standard.,Separate standard conformance from ÖKOBAUDAT-specific admission rules.,
REL-0031,LCA-REP-0003,ECO Portal,Exact asset-name match,LCA-NET-0003,ECO Platform,Exact asset-name match,governed repository,Confirmed,ECO Platform presents the portal as its digital EPD access service federating recognized programme nodes.,Portal and node terms differ.,Capture node and programme provenance for every dataset.,
REL-0032,LCA-FMT-0003,ILCD+EPD data format,Exact asset-name match,,ILCD Data Format,External or unresolved endpoint,format extension/profile,Confirmed,BBSR describes ILCD+EPD as an ILCD-based format extended for EN 15804.,Several profiles and maintenance releases coexist.,Maintain a version-compatibility matrix.,
REL-0033,LCA-STD-0004,EN 15804:2012+A2:2019+AC:2021,Exact asset-name match,LCA-STD-0005,ISO 14025:2026,Exact asset-name match,sector-specific standard dependency,Confirmed at standards-family level,EN 15804 provides construction-sector core PCR rules within the Type III EPD framework governed by ISO 14025.,Programme transition to ISO 14025:2026 may not be immediate.,Track programme adoption dates.,
REL-0034,LCA-FMT-0004,openLCA schema,Exact asset-name match,LCA-SW-0003,openLCA,Exact asset-name match,native data exchange format,Confirmed,GreenDelta defines openLCA schema as the exchange format supporting all openLCA modelling features.,Schema and application versions are coupled.,Capture supported schema version per application release.,MAP-0005
REL-0035,,ILCD Handbook,External or unresolved endpoint,LCA-STD-0002,ISO 14040:2006,Exact asset-name match,method elaboration,Confirmed,JRC states that detailed ILCD guidance is based on and conforms to ISO 14040/14044.,Some guidance predates current EU programme profiles.,Record which handbook component each programme still references.,
REL-0036,,ILCD Handbook,External or unresolved endpoint,LCA-STD-0007,ISO 14044:2006,Exact asset-name match,method elaboration,Confirmed,JRC states that detailed ILCD guidance is based on and conforms to ISO 14040/14044.,Some guidance predates current EU programme profiles.,Record which handbook component each programme still references.,
REL-0037,LCA-DB-0016,European Reference Life Cycle Database,Exact asset-name match,,ILCD Data Format,External or unresolved endpoint,legacy implementation/reference package,Confirmed,ELCD was distributed as an ILCD package and its surviving flow/method resources remain used in the ILCD entry-level scheme.,Process datasets are obsolete.,Do not treat legacy process data as current background data.,
REL-0038,LCA-DB-0017,GFLI Database,Exact asset-name match,LCA-MTH-0008,GFLI Methodology and Procedures for Data Projects,Exact asset-name match,governing methodology,Confirmed,GFLI explicitly aligns major methodology and database version numbers.,Database access remains separately licensed.,Cite both versions in every use.,
REL-0039,LCA-DB-0017,GFLI Database,Exact asset-name match,LCA-DB-0003,Agri-footprint,Exact asset-name match,background-data/input dependency,Documented for v3.0,The GFLI v3.0 dataset overview identifies Agri-footprint 7.0 as a source for default-model datasets.,Coverage varies by ingredient and source project.,Record source and background version per dataset.,
REL-0040,LCA-PLT-0002,HESTIA Data Platform,Exact asset-name match,LCA-FMT-0005,HESTIA Data Standard,Exact asset-name match,native data model,Confirmed,HESTIA stores and distributes platform entities using its linked data standard.,Release and schema evolution need version pairing.,Record schema/release identifiers together.,
REL-0041,LCA-PLT-0002,HESTIA Data Platform,Exact asset-name match,LCA-SW-0008,HESTIA Calculation Models,Exact asset-name match,native calculation engine,Confirmed,Platform releases recalculate public data with the current HESTIA model set.,Newer model sets can change impact results.,Preserve release and model-engine provenance.,
REL-0042,LCA-PLT-0002,HESTIA Data Platform,Exact asset-name match,LCA-SW-0003,openLCA,Exact asset-name match,direct software integration,Experimental but documented,openLCA 2.6+ includes an experimental HESTIA client for importing Cycles through the API.,Account/token is needed in the client and compatibility is release-specific.,Track openLCA and HESTIA release pairings.,
REL-0043,LCA-NET-0004,Greenhouse Gas Protocol,Exact asset-name match,LCA-MTH-0009,GHG Protocol Product Life Cycle Accounting and Reporting Standard,Exact asset-name match,governs/develops,Confirmed,GHG Protocol publishes and maintains the Product Standard through its multi-stakeholder governance.,A joint ISO revision is underway.,Track successor publication and transition.,
REL-0044,LCA-MTH-0009,GHG Protocol Product Life Cycle Accounting and Reporting Standard,Exact asset-name match,LCA-STD-0003,ISO 14067:2018,Exact asset-name match,related product-carbon-footprint standards,Confirmed at standards-programme level,Both govern product-level GHG quantification and are now subject to joint harmonization work.,Current requirements are not identical.,Maintain a clause-level compatibility assessment.,
REL-0045,LCA-MTH-0010,IMPACT World+,Exact asset-name match,LCA-MTH-0005,AWARE,Exact asset-name match,method component,Confirmed for current Footprint version,IMPACT World+ states that its water-scarcity footprint indicator uses AWARE 2.0.,AWARE version and regional flow mapping matter.,Record component version in every IW+ package.,
REL-0046,LCA-SW-0009,Ecochain LCA automation software,Exact asset-name match,LCA-DB-0001,ecoinvent database,Exact asset-name match,integrated background database,Confirmed by provider,Ecochain states that current ecoinvent versions are available in the software.,Commercial terms and version compatibility apply.,Capture database/method combinations per workspace.,
REL-0047,LCA-QA-0001,ecoinvent Data Quality Guidelines and pedigree matrix,Exact asset-name match,LCA-DB-0001,ecoinvent database,Exact asset-name match,governs/validates,Confirmed,"ecoinvent describes the guidelines as the cornerstone methodology for version 3 modelling, review and uncertainty.",Primarily database-specific.,Link each database release to its applicable guideline edition.,
REL-0048,LCA-FMT-0006,EcoSpold 1,Exact asset-name match,LCA-FMT-0001,ecoSpold2,Exact asset-name match,predecessor/successor,Confirmed,EcoSpold 1 is a legacy predecessor and ecoSpold2 is the current ecoinvent exchange format.,Feature sets are not equivalent.,Use explicit conversion and loss reporting.,
REL-0049,LCA-NOM-0006,FoodOn Food Ontology,Exact asset-name match,LCA-FMT-0005,HESTIA Data Standard,Exact asset-name match,domain vocabulary alignment opportunity,Potential / requires verification,"Both provide structured food/agricultural terminology, but a complete official mapping was not confirmed.",Do not infer equivalence without published mappings.,Search for maintained crosswalks and record coverage.,
REL-0050,LCA-DB-0018,World Food LCA Database,Exact asset-name match,,eQosphere,External or unresolved endpoint,software distribution,Confirmed,Quantis states that WFLDB is accessed through eQosphere.,Commercial licence applies.,Capture release compatibility and licence.,
REL-0051,LCA-DB-0019,RIVM Database on the environmental impact of food products,Exact asset-name match,LCA-MTH-0002,ReCiPe 2016,Exact asset-name match,LCIA method implementation,Confirmed,RIVM documents use of ReCiPe 2016 midpoint indicators.,The implemented indicator subset and background versions matter.,Record exact method package per database release.,
REL-0052,LCA-DB-0019,RIVM Database on the environmental impact of food products,Exact asset-name match,LCA-SW-0001,SimaPro desktop edition,Exact asset-name match,software implementation,Confirmed,RIVM documents use of SimaPro 9.5 for the current modelling update.,Software/database versions affect results.,Preserve version provenance.,
REL-0053,LCA-DB-0020,ProBas 2,Exact asset-name match,,ILCD Data Format,External or unresolved endpoint,native exchange/profile,Confirmed at platform level,The ProBas2 node runs a soda4LCA/ILCD-style data service with public stocks.,Stock-level profile conformance requires checking.,Capture export profile and validator results.,
REL-0054,LCA-DB-0021,INIES Database,Exact asset-name match,LCA-STD-0004,EN 15804:2012+A2:2019+AC:2021,Exact asset-name match,declaration conformance,Confirmed,INIES FDES content is governed by NF EN 15804 and its national supplement.,French programme rules extend the European standard.,Track applicable programme/version per declaration.,
REL-0055,LCA-DB-0021,INIES Database,Exact asset-name match,LCA-NET-0003,ECO Platform,Exact asset-name match,network/programme interoperability,Documented,INIES participates in international/InData and mutual-recognition activities relevant to ECO Platform exchange.,Mutual recognition does not imply identical programme rules.,Verify node-level interoperability and current recognition status.,
REL-0056,LCA-DB-0022,PlasticsEurope Eco-profiles,Exact asset-name match,LCA-DB-0001,ecoinvent database,Exact asset-name match,source/distribution,Confirmed,PlasticsEurope states that some disaggregated eco-profile data appear in ecoinvent from version 3.6.,Coverage and versions vary by product.,Map source package to ecoinvent dataset/version.,
REL-0057,LCA-DB-0022,PlasticsEurope Eco-profiles,Exact asset-name match,LCA-SW-0001,SimaPro desktop edition,Exact asset-name match,aggregated distribution,Confirmed,PlasticsEurope states that most aggregated datasets are available in the SimaPro industrial database.,Commercial database terms apply.,Capture exact implementation version.,
REL-0058,LCA-DB-0022,PlasticsEurope Eco-profiles,Exact asset-name match,,GLAD network,External or unresolved endpoint,network publication,Confirmed by provider,PlasticsEurope states that all Eco-profiles are posted in GLAD.,Availability and current node links require audit.,Validate each package record in GLAD.,
REL-0059,LCA-DB-0023,worldsteel Life Cycle Inventory Database,Exact asset-name match,LCA-STD-0007,ISO 14044:2006,Exact asset-name match,method conformance,Confirmed,worldsteel states that the LCI study follows ISO 14040 and ISO 14044.,Conformance details depend on study report and review.,Review current detailed study report when published.,
REL-0060,LCA-FMT-0007,openEPD Interchange Format,Exact asset-name match,LCA-STD-0005,ISO 14025:2026,Exact asset-name match,standard compatibility,Claimed/documented,openEPD describes compatibility with ISO 14025.,Compatibility is not the same as certified conformance.,Map mandatory fields to current standard edition.,
REL-0061,LCA-FMT-0007,openEPD Interchange Format,Exact asset-name match,LCA-STD-0004,EN 15804:2012+A2:2019+AC:2021,Exact asset-name match,standard compatibility,Claimed/documented,openEPD describes compatibility with EN 15804.,Sector/PCR extensions determine completeness.,Run profile-level conformance tests.,
REL-0062,LCA-FMT-0007,openEPD Interchange Format,Exact asset-name match,LCA-FMT-0003,ILCD+EPD data format,Exact asset-name match,format compatibility,Claimed/documented,openEPD states compatibility with ILCD+EPD and reuses related field concepts.,Round-trip equivalence is not demonstrated.,Develop and test an explicit crosswalk.,
REL-0063,LCA-FMT-0008,PACT Technical Specifications for PCF Data Exchange,Exact asset-name match,LCA-MTH-0009,GHG Protocol Product Life Cycle Accounting and Reporting Standard,Exact asset-name match,method reference,Confirmed,PACT technical fields record cross-sectoral standards including the GHG Protocol Product Standard.,PACT and GHGP requirements are version-specific.,Capture method version in every footprint.,
REL-0064,LCA-FMT-0008,PACT Technical Specifications for PCF Data Exchange,Exact asset-name match,LCA-STD-0003,ISO 14067:2018,Exact asset-name match,method reference,Confirmed,PACT technical fields include ISO 14067 among permitted cross-sectoral standards.,Data exchange conformance does not prove calculation conformance.,Retain assurance evidence with each footprint.,
REL-0065,LCA-STD-0007,ISO 14044:2006,Exact asset-name match,LCA-STD-0002,ISO 14040:2006,Exact asset-name match,companion standards,Confirmed,ISO presents ISO 14040 and ISO 14044 as the current principles/framework and requirements/guidelines pair.,Amendments and sector standards can add requirements.,Cite both edition and amendments.,
REL-0066,LCA-MTH-0012,Global Life Cycle Impact Assessment Method,Exact asset-name match,,GLAD network,External or unresolved endpoint,flow nomenclature linkage,Confirmed at programme level,GLAM documents collaboration with GLAD to improve consistent LCI–LCIA linkage.,Exact mapping release and coverage require capture.,Version the GLAM-to-GLAD mapping.,
REL-0067,LCA-MTH-0012,Global Life Cycle Impact Assessment Method,Exact asset-name match,LCA-NET-0005,Life Cycle Initiative,Exact asset-name match,programme governance,Confirmed,GLAM was developed and is stewarded within the UNEP-hosted Life Cycle Initiative.,Programme governance and method release governance are distinct.,Record stewardship decisions and releases.,
REL-0068,LCA-QA-0002,US EPA Guidance on Data Quality Assessment for Life Cycle Inventory Data,Exact asset-name match,,USLCI Database,External or unresolved endpoint,quality guidance,Applicable/documented,The EPA guidance targets LCI data quality and complements US federal LCA data infrastructure.,Dataset-level adoption is not universal.,Record which USLCI datasets implement the indicators.,
REL-0069,LCA-QA-0003,Environmental Footprint Data Quality Rating,Exact asset-name match,LCA-MTH-0003,Product Environmental Footprint method,Exact asset-name match,embedded QA method,Confirmed,DQR criteria and formulas are part of the Environmental Footprint method requirements.,Sector rules and data packages can refine implementation.,Track DQR version with each PEF study/dataset.,
REL-0070,LCA-NET-0005,Life Cycle Initiative,Exact asset-name match,,GLAD network,External or unresolved endpoint,programme development,Confirmed,GLAD is a data-access network developed under the Life Cycle Initiative portfolio.,Network operations have their own governance.,Keep programme and operational governance separate.,
REL-0071,LCA-NET-0005,Life Cycle Initiative,Exact asset-name match,LCA-MTH-0012,Global Life Cycle Impact Assessment Method,Exact asset-name match,programme development,Confirmed,GLAM is a major method output of the Life Cycle Initiative.,Method stewardship now requires release-level records.,Track current stewardship and software implementations.,
REL-0072,LCA-SW-0010,LCA as Code,Exact asset-name match,LCA-DB-0001,ecoinvent database,Exact asset-name match,background-data import,Confirmed by provider,LCA as Code documents controlled use/import of ecoinvent backgrounds.,ecoinvent licence applies.,Record source database and licence per model.,
REL-0073,LCA-SW-0010,LCA as Code,Exact asset-name match,LCA-FMT-0001,ecoSpold2,Exact asset-name match,import/export format,Confirmed by provider,LCA as Code documents ecoSpold2 export and ecoinvent-format import workflows.,Round-trip fidelity was not tested.,Validate mappings and loss logs.,MAP-0009
REL-0074,LCA-SW-0010,LCA as Code,Exact asset-name match,,ILCD Data Format,External or unresolved endpoint,export format,Confirmed by provider,The software lists ILCD among export formats.,Profile/version compatibility is unstated.,Capture ILCD profile and validation result.,
REL-0075,LCA-SW-0011,LCAx toolkit,Exact asset-name match,LCA-FMT-0009,LCAx exchange format,Exact asset-name match,native implementation,Confirmed,The toolkit implements the central LCAx data structure and validation schema.,Toolkit and format versions must match.,Publish a compatibility matrix.,
REL-0076,LCA-SW-0011,LCAx toolkit,Exact asset-name match,LCA-FMT-0003,ILCD+EPD data format,Exact asset-name match,conversion,Confirmed,LCAx documents conversion from ILCD+EPD JSON data into LCAx EPD objects.,Conversion coverage and reverse path require testing.,Run field-level round-trip tests.,MAP-0007
REL-0077,LCA-FMT-0009,LCAx exchange format,Exact asset-name match,LCA-STD-0004,EN 15804:2012+A2:2019+AC:2021,Exact asset-name match,validation/application profile,Documented,LCAx validation examples include checking EPD conformance to EN 15804+A2.,A custom rule is not formal certification.,Define a maintained conformance profile.,
REL-0078,LCA-SW-0012,LCIA Formatter,Exact asset-name match,LCA-NOM-0001,Federal Elementary Flow List,Exact asset-name match,authoritative flow mapping,Confirmed,LCIA Formatter uses FEDEFL as the authoritative elementary-flow system.,Generated methods depend on FEDEFL version.,Cite tool and FEDEFL versions together.,
REL-0079,LCA-SW-0012,LCIA Formatter,Exact asset-name match,,Federal LCA Commons,External or unresolved endpoint,method publication,Confirmed,Generated LCIA methods are published on the Federal LCA Commons.,Public API/download availability can change.,Preserve package provenance and release date.,
REL-0080,LCA-SW-0012,LCIA Formatter,Exact asset-name match,LCA-MTH-0002,ReCiPe 2016,Exact asset-name match,method generation,Confirmed,The Commons identifies current ReCiPe packages as generated by LCIA Formatter v1.1.4.,"This is an implementation, not the owner method release.",Keep source and generated-package identities separate.,
REL-0081,LCA-SW-0013,soda4LCA,Exact asset-name match,,ILCD Data Format,External or unresolved endpoint,native data model,Confirmed,soda4LCA stores and serves ILCD-format LCI and LCIA datasets.,Nodes can implement different profiles/versions.,Record node and profile versions.,
REL-0082,LCA-SW-0013,soda4LCA,Exact asset-name match,,LCDN,External or unresolved endpoint,node software,Confirmed,soda4LCA provides the web/API pattern used by multiple LCDN-style nodes.,Central network admission is separately governed.,Validate each node's current network status.,
REL-0083,LCA-SW-0013,soda4LCA,Exact asset-name match,LCA-DB-0020,ProBas 2,Exact asset-name match,platform implementation,Confirmed,The public ProBas2 interface identifies a soda4LCA deployment and version.,Deployment customizations may differ from upstream.,Capture deployment build and configuration.,
REL-0084,LCA-SW-0014,premise,Exact asset-name match,LCA-DB-0001,ecoinvent database,Exact asset-name match,licensed input/transformation,Confirmed,premise modifies licensed ecoinvent releases to reflect IAM scenarios.,Derivative database redistribution is constrained.,"Record source release, system model and licence.",
REL-0085,LCA-SW-0014,premise,Exact asset-name match,LCA-SW-0002,Brightway,Exact asset-name match,output integration,Confirmed,premise documents outputs compatible with Brightway 2 and 2.5.,Compatibility depends on installed bw2data versions.,Record exact environment and output format.,
REL-0086,LCA-DB-0024,openIO-Canada,Exact asset-name match,LCA-DB-0010,US Environmentally-Extended Input-Output models,Exact asset-name match,peer national EEIO model,Comparative,Both are national EEIO assets used for economy-wide life-cycle footprints.,"Classifications, environmental extensions and geography differ.",Develop a transparent concordance.,
REL-0087,LCA-DB-0025,Product Social Impact Life Cycle Assessment Database,Exact asset-name match,LCA-REP-0001,openLCA Nexus,Exact asset-name match,commercial distribution,Confirmed,PSILCA variants are licensed and distributed via openLCA Nexus.,Licence and variant determine detail.,Record exact variant and release.,
REL-0088,LCA-DB-0025,Product Social Impact Life Cycle Assessment Database,Exact asset-name match,,Eora,External or unresolved endpoint,MRIO dependency,Confirmed by provider,PSILCA states that its global economy model is based on Eora.,MRIO version and transformations require capture.,Record Eora vintage and concordance.,
REL-0089,LCA-DB-0026,Social Hotspots Database,Exact asset-name match,LCA-SW-0001,SimaPro desktop edition,Exact asset-name match,software distribution,Confirmed by provider,SHDB licenses support use in SimaPro and other LCA software.,Implementation/version details are not public.,Capture package and software compatibility.,
REL-0090,LCA-MTH-0013,PACT Methodology,Exact asset-name match,LCA-FMT-0008,PACT Technical Specifications for PCF Data Exchange,Exact asset-name match,methodological foundation,Confirmed,PACT explicitly states that Methodology v3 is the foundation for Technical Specifications v3.,Version pairs must remain compatible.,Record methodology/specification pair.,
REL-0091,LCA-MTH-0013,PACT Methodology,Exact asset-name match,LCA-MTH-0009,GHG Protocol Product Life Cycle Accounting and Reporting Standard,Exact asset-name match,method alignment,Confirmed,PACT v3 builds on leading GHG accounting standards including the GHG Protocol Product Standard.,Requirements are not identical and are under revision.,Maintain a clause-level crosswalk.,
REL-0092,LCA-PLT-0003,Big Open Network for Sustainability Assessment Information,Exact asset-name match,LCA-DB-0027,BONSAI Database,Exact asset-name match,hosts/governs,Confirmed,The BONSAI association/platform publishes and maintains the open database.,Project contributions can have independent provenance.,Retain dataset-level attribution.,
REL-0093,LCA-PLT-0003,Big Open Network for Sustainability Assessment Information,Exact asset-name match,LCA-NOM-0002,BONSAI Core Ontology,Exact asset-name match,semantic infrastructure,Confirmed at programme level,BONSAI uses open semantic assets developed within its network.,Ontology and platform versions may diverge.,Record mapping and version dependencies.,
REL-0094,LCA-DB-0027,BONSAI Database,Exact asset-name match,LCA-NOM-0002,BONSAI Core Ontology,Exact asset-name match,semantic model,Documented,The database and footprint recipes rely on structured open concepts within the BONSAI ecosystem.,Complete schema/ontology conformance was not tested.,Validate current data against ontology releases.,
REL-0095,LCA-MTH-0014,Catena-X Guidance Product Carbon Footprint Calculation,Exact asset-name match,LCA-QA-0004,Catena-X Data Quality Rating Guidance,Exact asset-name match,embedded QA framework,Confirmed,Catena-X publishes DQR guidance as a supporting module for PCF calculation.,Profile and release versions must match.,Record method/DQR pair.,
REL-0096,LCA-MTH-0014,Catena-X Guidance Product Carbon Footprint Calculation,Exact asset-name match,LCA-FMT-0010,Catena-X PCF Data Model Guidance,Exact asset-name match,reporting/exchange implementation,Confirmed,Catena-X publishes the data model as the required reporting/exchange representation for its PCF rules.,Method compliance and data-model compliance are distinct.,Validate both layers.,
REL-0097,LCA-FMT-0010,Catena-X PCF Data Model Guidance,Exact asset-name match,LCA-FMT-0008,PACT Technical Specifications for PCF Data Exchange,Exact asset-name match,cross-ecosystem alignment opportunity,Documented relationship; detailed mapping needed,Both support structured supplier PCF exchange and Catena-X participates in broader PCF interoperability work.,Fields and lifecycle semantics may differ.,Maintain a versioned crosswalk.,
REL-0098,LCA-MTH-0014,Catena-X Guidance Product Carbon Footprint Calculation,Exact asset-name match,LCA-MTH-0013,PACT Methodology,Exact asset-name match,method alignment,Related,Both are product-carbon methods for supply chains; Catena-X adds automotive/ecosystem rules.,Do not assume full equivalence.,Compare current clauses and accepted deviations.,
REL-0099,LCA-MTH-0015,TfS Product Carbon Footprint Guideline for the Chemical Industry,Exact asset-name match,LCA-FMT-0011,TfS PCF Data Model,Exact asset-name match,method/reporting model,Confirmed,"TfS states that the guideline defines calculation while the data model defines fields, nomenclature and formatting.",Versions must be paired.,Publish compatibility matrix.,
REL-0100,LCA-MTH-0015,TfS Product Carbon Footprint Guideline for the Chemical Industry,Exact asset-name match,LCA-QA-0005,TfS PCF Verification and PCF Program Certification Framework,Exact asset-name match,verification/certification,Confirmed,The framework supports trust in PCFs calculated/reported through the TfS ecosystem.,Operational appointment is controlled.,Capture verifier/certifier status.,
REL-0101,LCA-MTH-0015,TfS Product Carbon Footprint Guideline for the Chemical Industry,Exact asset-name match,LCA-MTH-0013,PACT Methodology,Exact asset-name match,method comparison/alignment,Confirmed,TfS and PACT publish a joint guide explaining methodological and technical differences.,The methods are not interchangeable without reconciliation.,Use the joint guide as a maintained crosswalk.,
REL-0102,LCA-QA-0005,TfS PCF Verification and PCF Program Certification Framework,Exact asset-name match,LCA-MTH-0014,Catena-X Guidance Product Carbon Footprint Calculation,Exact asset-name match,pilot verification ecosystem,Confirmed by TfS,TfS states that the framework's trusted-actor process was first piloted by Catena-X.,Pilot status and current implementation need checking.,Confirm live registry and scope.,
REL-0103,LCA-NET-0006,Plastic Footprint Network,Exact asset-name match,LCA-MTH-0016,Plastic Footprint Network Assessment Methodology,Exact asset-name match,governs/develops,Confirmed,PFN convenes and maintains the modular assessment method.,Module maturity varies.,Cite each module/version used.,
REL-0104,LCA-MTH-0016,Plastic Footprint Network Assessment Methodology,Exact asset-name match,LCA-NET-0005,Life Cycle Initiative,Exact asset-name match,related life-cycle pollution guidance,Related,Both apply life-cycle approaches to plastic pollution and hotspot assessment.,"Methods, metrics and governance differ.",Map complementary scopes without conflating them.,
REL-0105,LCA-MTH-0017,IPCC AR6 Global Warming Potential characterization factors,Exact asset-name match,LCA-MTH-0013,PACT Methodology,Exact asset-name match,characterization-factor input,Confirmed,PACT v3 requires reporting the IPCC characterization-factor assessment version and points to AR6 as latest.,Time horizon/report version must be explicit.,Validate gas list and values.,
REL-0106,LCA-MTH-0017,IPCC AR6 Global Warming Potential characterization factors,Exact asset-name match,LCA-MTH-0009,GHG Protocol Product Life Cycle Accounting and Reporting Standard,Exact asset-name match,characterization-factor input,Generally applicable,Product GHG accounting converts gases using IPCC GWP factors.,Programmes may transition factors on different schedules.,Record adoption date and version.,
REL-0107,LCA-MTH-0017,IPCC AR6 Global Warming Potential characterization factors,Exact asset-name match,LCA-MTH-0010,IMPACT World+,Exact asset-name match,method component,Confirmed for current release family,IMPACT World+ documents use of current IPCC climate characterization components.,Package-specific implementation requires version capture.,Audit exact factor table.,
REL-0108,LCA-MTH-0017,IPCC AR6 Global Warming Potential characterization factors,Exact asset-name match,LCA-MTH-0002,ReCiPe 2016,Exact asset-name match,successor input comparison,Related,ReCiPe 2016 predates AR6 and may implement earlier IPCC values depending on package.,Do not relabel older packages as AR6-compliant.,Record climate-method source per implementation.,
REL-0109,LCA-DB-0028,European Commission Environmental Footprint Data Node,Exact asset-name match,LCA-MTH-0003,Product Environmental Footprint method,Exact asset-name match,method implementation/data supply,Confirmed,The Commission node publishes representative products and background data for current PEFCR/OEFSR and EF frameworks.,Data stocks span EF generations and providers.,Record EF method/reference-package version for every dataset.,
REL-0110,LCA-DB-0028,European Commission Environmental Footprint Data Node,Exact asset-name match,,ILCD/eILCD format family,External or unresolved endpoint,native data representation/profile,Confirmed,"Node records expose ILCD-format metadata, UUIDs and EF compliance declarations.",EF profiles add requirements beyond base ILCD.,Validate against the applicable EF profile and reference package.,
REL-0111,LCA-DB-0028,European Commission Environmental Footprint Data Node,Exact asset-name match,LCA-SW-0013,soda4LCA,Exact asset-name match,node implementation pattern,Confirmed at interface level,"The public node uses the soda4LCA-style stock, browse, XML and ZIP service pattern.",Deployment customizations and software version were not captured on the landing page.,Record deployment build and API profile.,
REL-0112,LCA-REP-0004,International EPD System Data Hub,Exact asset-name match,LCA-SW-0013,soda4LCA,Exact asset-name match,platform implementation,Confirmed,The hub footer identifies soda4LCA 7.23.6.,Programme-specific configuration and update cadence can differ from upstream.,Capture node version with extraction date.,
REL-0113,LCA-REP-0004,International EPD System Data Hub,Exact asset-name match,LCA-FMT-0003,ILCD+EPD data format,Exact asset-name match,digital EPD representation,Documented,The hub is an ILCD-oriented digital EPD node and exposes programme data stocks through the soda4LCA ecosystem.,Exact profile versions and stock-specific rules require confirmation.,Validate exported records against their declared ILCD+EPD profile.,
REL-0114,LCA-DB-0029,ICE Database Educational,Exact asset-name match,LCA-STD-0004,EN 15804:2012+A2:2019+AC:2021,Exact asset-name match,contextual construction-LCA relationship,"Related, not conformance","ICE supplies embodied-carbon factors for building materials, while EN 15804 governs EPD rules.",ICE factors are literature-based and should not be treated as verified EN 15804 EPDs.,Keep generic factors separate from product declarations.,
REL-0115,LCA-DB-0030,ESU World Food LCA Database,Exact asset-name match,LCA-DB-0005,BAFU:2025 life cycle inventory database,Exact asset-name match,background-data dependency,Confirmed,ESU states that BAFU:2025+ESU is the current background data for the food database.,The added ESU component and licensed release must be identified.,Record exact background package and purchase date.,
REL-0116,LCA-DB-0030,ESU World Food LCA Database,Exact asset-name match,LCA-FMT-0006,EcoSpold 1,Exact asset-name match,native distribution format,Confirmed,ESU documents all food data electronically in EcoSpold v1.,EcoSpold v1 is a legacy format.,Use a tested converter and retain loss logs.,
REL-0117,LCA-DB-0030,ESU World Food LCA Database,Exact asset-name match,LCA-SW-0001,SimaPro desktop edition,Exact asset-name match,software distribution,Confirmed,ESU sells all system processes as a SimaPro background library.,Commercial licences and version compatibility apply.,Record SimaPro and database release pair.,
REL-0118,LCA-DB-0031,Carbonfact Open Source LCA Database for Footwear & Apparel,Exact asset-name match,LCA-MTH-0003,Product Environmental Footprint method,Exact asset-name match,LCIA implementation,Confirmed by provider,Every dataset is published with all 16 PEFCR environmental indicators.,Indicator package and underlying characterization version must be recorded.,Capture the exact PEF/EF method release used.,
REL-0119,LCA-DB-0031,Carbonfact Open Source LCA Database for Footwear & Apparel,Exact asset-name match,LCA-DB-0001,ecoinvent database,Exact asset-name match,background-data dependency,Confirmed by provider,Carbonfact states that energy mixes draw on ecoinvent.,Licence compatibility and the source ecoinvent release require clarification.,Document the background release and share-alike implications.,
REL-0120,LCA-DB-0031,Carbonfact Open Source LCA Database for Footwear & Apparel,Exact asset-name match,LCA-REP-0005,Textile Exchange Life Cycle Inventory Library,Exact asset-name match,sector data complement,Comparative,Both publish textile/apparel inventory data with transparency goals.,"Their scopes, schemas, QA and licences are not equivalent.",Develop a dataset-level crosswalk and provenance test.,
REL-0121,LCA-DB-0032,CEPE Life Cycle Inventory Database,Exact asset-name match,LCA-DB-0001,ecoinvent database,Exact asset-name match,licence/background dependency,Confirmed,CEPE requires users to hold a valid ecoinvent licence and documents ecoinvent validation in its access process.,"Membership, NDA and ecoinvent rights constrain reuse.",Record the applicable ecoinvent version and NDA scope.,
REL-0122,LCA-DB-0032,CEPE Life Cycle Inventory Database,Exact asset-name match,LCA-SW-0001,SimaPro desktop edition,Exact asset-name match,software distribution,Confirmed,CEPE distributes the database in SimaPro format.,Software and database releases must be compatible.,Capture package version and import validation.,
REL-0123,LCA-DB-0032,CEPE Life Cycle Inventory Database,Exact asset-name match,LCA-SW-0005,Sphera LCA for Experts,Exact asset-name match,software distribution,Confirmed,CEPE distributes a GaBi-format database for member use.,Current Sphera/GaBi compatibility and licence terms apply.,Capture the exact target software version.,
REL-0124,LCA-DB-0033,Open CEDA,Exact asset-name match,LCA-DB-0007,EXIOBASE 3,Exact asset-name match,peer global MR-EEIO model,Comparative,Both provide multiregional environmentally extended input-output data for supply-chain analysis.,"Coverage, classifications, base years and extensions differ.",Build explicit country-sector-price-year concordances.,
REL-0125,LCA-DB-0033,Open CEDA,Exact asset-name match,LCA-DB-0010,US Environmentally-Extended Input-Output models,Exact asset-name match,peer EEIO model,Comparative,Both support spend-based life-cycle and Scope 3 analysis.,One is global MR-EEIO and the other is US-specific with different classifications.,Do not mix factors without currency and sector harmonization.,
REL-0126,LCA-DB-0034,NEEDS Life Cycle Inventory Database,Exact asset-name match,LCA-REP-0001,openLCA Nexus,Exact asset-name match,distribution,Confirmed,The documented version is distributed as an openLCA database through Nexus.,Download requires registration and current package metadata are incomplete.,"Record package date, checksum and licence when lawfully obtained.",
REL-0127,LCA-DB-0034,NEEDS Life Cycle Inventory Database,Exact asset-name match,LCA-FMT-0006,EcoSpold 1,Exact asset-name match,original source format,Confirmed,GreenDelta documents conversion from 794 original EcoSpold 1 datasets.,Earlier imports collapsed scenarios because of non-unique identifiers.,Preserve scenario-specific reference functions and UUID mappings.,
REL-0128,LCA-DB-0034,NEEDS Life Cycle Inventory Database,Exact asset-name match,LCA-DB-0001,ecoinvent database,Exact asset-name match,legacy product-flow mapping,Confirmed for documented conversion,The conversion maps selected NEEDS intermediate flows to ecoinvent v2.2 product-flow identifiers.,This does not imply compatibility with current ecoinvent releases.,Treat the mapping as version-specific legacy provenance.,
REL-0129,LCA-SW-0015,2050 Materials Sustainability Data API,Exact asset-name match,,EPD repositories,External or unresolved endpoint,data aggregation,Confirmed at provider level,"The API aggregates EPDs, supplier declarations and factors.",Source validity and rights vary by record.,"Retain programme, declaration and validity identifiers.",
REL-0130,LCA-SW-0015,2050 Materials Sustainability Data API,Exact asset-name match,LCA-FMT-0009,LCAx exchange format,Exact asset-name match,potential schema integration,Documented ecosystem use,Construction tools use the API alongside project data workflows.,No formal mapping was verified.,Develop and test an explicit field mapping.,
REL-0131,LCA-SW-0016,Climatiq Carbon Intelligence Platform,Exact asset-name match,LCA-DB-0001,ecoinvent database,Exact asset-name match,licensed data source,Confirmed,Climatiq lists ecoinvent among its datasets.,ecoinvent rights limit downstream redistribution.,Record source dataset/version per factor.,
REL-0132,LCA-SW-0016,Climatiq Carbon Intelligence Platform,Exact asset-name match,LCA-DB-0007,EXIOBASE 3,Exact asset-name match,data source,Confirmed,Climatiq lists EXIOBASE among its trusted datasets.,Sector/currency/year transformations affect factors.,Preserve EXIOBASE release and calculation provenance.,
REL-0133,LCA-SW-0016,Climatiq Carbon Intelligence Platform,Exact asset-name match,,GHG Protocol Product Standard,External or unresolved endpoint,method alignment,Provider-stated,Climatiq states GHG Protocol-compliant factors and PCF workflows.,Compliance claim needs scope-specific evidence.,Capture certification and method version.,
REL-0134,LCA-SW-0017,Higg Index,Exact asset-name match,LCA-REP-0005,Textile Exchange Life Cycle Inventory Library,Exact asset-name match,peer sector ecosystem,Comparative,Both support apparel/footwear product and material assessment.,"Data models, licences and verification differ.",Build material/fibre-level concordances.,
REL-0135,LCA-SW-0018,Makersite,Exact asset-name match,LCA-FMT-0008,PACT Technical Specifications for PCF Data Exchange,Exact asset-name match,potential reporting interface,Potential,Makersite produces PCFs that could be exchanged through PACT-compatible structures.,Public conformance was not verified.,Test an exported PCF against the current schema.,
REL-0136,LCA-SW-0019,EOS — Environmental Operating System,Exact asset-name match,,Eaternity commercial products,External or unresolved endpoint,shared owner/data-method ecosystem,Confirmed,"Eaternity distinguishes open EOS research infrastructure from Gastro, Forecast and Score products.",Open and commercial components may use different data or terms.,Document shared versus product-specific releases.,
REL-0137,LCA-SW-0020,Matter PD,Exact asset-name match,LCA-DB-0001,ecoinvent database,Exact asset-name match,background dependency,Confirmed,Matter PD includes the ecoinvent cut-off inventory.,Licence and version constrain reproducibility.,Record the exact database release per model.,
REL-0138,LCA-SW-0020,Matter PD,Exact asset-name match,LCA-MTH-0002,ReCiPe 2016,Exact asset-name match,method implementation,Confirmed at family level,Matter PD lists ReCiPe endpoint/midpoint categories.,Exact factor package/version is not stated.,Capture method implementation metadata.,
REL-0139,LCA-SW-0021,PackageSmart,Exact asset-name match,LCA-SW-0022,PIQET,Exact asset-name match,peer packaging software,Comparative,Both are packaging-focused cloud LCA tools.,"Indicators, data and scenario rules differ.",Define a common packaging comparison test case.,
REL-0140,LCA-SW-0023,Real-Time LCA,Exact asset-name match,,Speckle,External or unresolved endpoint,design-data integration,Confirmed,Real-Time LCA documentation includes a Speckle connection in project setup.,Object/property mapping and versions are not public.,Publish an integration mapping and round-trip test.,
REL-0141,LCA-SW-0024,VoLCA,Exact asset-name match,,ILCD Data Format,External or unresolved endpoint,import/export support,Confirmed,VoLCA lists ILCD import and export.,Semantic loss may occur across formats.,Version conversion profiles and validate samples.,
REL-0142,LCA-SW-0024,VoLCA,Exact asset-name match,LCA-FMT-0001,ecoSpold2,Exact asset-name match,import/export support,Confirmed,VoLCA lists EcoSpold 2 import and export.,Database licences and reference lists remain external.,Capture schema and elementary-flow versions.,MAP-0010
REL-0143,LCA-SW-0024,VoLCA,Exact asset-name match,LCA-SW-0002,Brightway,Exact asset-name match,data exchange/integration,Confirmed,VoLCA lists Brightway Excel import/export and Python use.,Calculation conventions may differ.,Run comparative numerical tests.,
REL-0144,LCA-SW-0025,Capillar Sustainable Cloud,Exact asset-name match,LCA-STD-0002,ISO 14040:2006,Exact asset-name match,method implementation,Provider-stated,The public site presents product LCA aligned with ISO 14040.,No independent conformance assessment reviewed.,Capture critical-review and method templates.,
REL-0145,LCA-SW-0026,EcoSemantic,Exact asset-name match,LCA-DB-0001,ecoinvent database,Exact asset-name match,licensed data and activity access,Confirmed,Public docs state support for multiple ecoinvent releases and activities.,Account/licence and version selection affect results.,Return source version and activity UUID in every result.,
REL-0146,LCA-SW-0026,EcoSemantic,Exact asset-name match,LCA-SW-0002,Brightway,Exact asset-name match,calculation engine,Confirmed,EcoSemantic documents Brightway-based calculation structures.,Service abstraction can hide calculation defaults.,"Expose allocation, solver and method settings.",
REL-0147,LCA-SW-0027,LCA CARE Tool,Exact asset-name match,,BPMN,External or unresolved endpoint,workflow integration,Provider-stated,The project states integration with Business Process Model and Notation.,Implementation details and claimed version need verification.,Publish mapping and executable example.,
REL-0148,LCA-FMT-0012,IDTA Carbon Footprint Submodel Template,Exact asset-name match,,Asset Administration Shell,External or unresolved endpoint,native submodel,Confirmed,The Carbon Footprint template is an official AAS submodel.,AAS transport does not validate PCF calculation quality.,Pair with method and verification metadata.,
REL-0149,LCA-FMT-0012,IDTA Carbon Footprint Submodel Template,Exact asset-name match,,Catena-X PCF Data Model,External or unresolved endpoint,potential semantic mapping,Potential,Both represent product carbon-footprint information in industrial data ecosystems.,No current official crosswalk was confirmed.,Develop a versioned semantic crosswalk.,
REL-0150,LCA-PLT-0004,Digital Product Passport Vocabulary Hub,Exact asset-name match,LCA-NOM-0008,EUDPP Core Ontology Life Cycle Assessment Module,Exact asset-name match,hosts/publishes,Confirmed,The hub publishes graph/tree views and Turtle exports for the LCA module.,Hub status does not imply regulatory adoption.,Retain module version and licence in exports.,
REL-0151,LCA-NOM-0008,EUDPP Core Ontology Life Cycle Assessment Module,Exact asset-name match,LCA-FMT-0012,IDTA Carbon Footprint Submodel Template,Exact asset-name match,potential semantic mapping,Potential,Both convey lifecycle/carbon information within product/digital-twin ecosystems.,Model scopes and version semantics differ.,"Map product, boundary, unit, impact and provenance concepts.",
REL-0152,LCA-PLT-0005,GBDI Open Building Data Platform,Exact asset-name match,LCA-FMT-0013,open Building Data Format,Exact asset-name match,native exchange format,Confirmed,GBDI states that platform exchange uses openBDF.,Schema version and platform deployment may diverge.,Publish paired release identifiers.,
REL-0153,LCA-FMT-0013,open Building Data Format,Exact asset-name match,LCA-FMT-0009,LCAx exchange format,Exact asset-name match,schema dependency,Confirmed,GBDI states that openBDF utilizes the LCAx data schema.,openBDF-specific profile constraints are not fully public.,Define validation rules and supported LCAx versions.,
REL-0154,LCA-DB-0035,BATTERS Battery Recycling Inventory Database,Exact asset-name match,LCA-SW-0003,openLCA,Exact asset-name match,software distribution,Confirmed,BATTERS states compatibility with openLCA.,Exact package format/version was not disclosed.,"Capture package, checksum and import test.",
REL-0155,LCA-DB-0035,BATTERS Battery Recycling Inventory Database,Exact asset-name match,LCA-SW-0005,Sphera LCA for Experts,Exact asset-name match,software distribution,Confirmed,BATTERS states compatibility with LCA for Experts.,Commercial software/data rights apply.,Record compatible versions.,
REL-0156,LCA-DB-0036,BioEnergieDat,Exact asset-name match,,ILCD Data Format,External or unresolved endpoint,native exchange format,Confirmed,The project distributes ILCD ZIPs and documented ILCD-network import.,Legacy nodes and profiles may no longer interoperate reliably.,Archive packages and validate against current schemas.,
REL-0157,LCA-DB-0036,BioEnergieDat,Exact asset-name match,LCA-SW-0013,soda4LCA,Exact asset-name match,historical node infrastructure,Confirmed,Project documentation describes its soda4LCA/ILCD online database.,Historical endpoints may be unstable.,Preserve an offline archival snapshot.,
REL-0158,LCA-DB-0037,CPM LCA Database,Exact asset-name match,,SPINE,External or unresolved endpoint,native information model,Confirmed,The database is built on SPINE.,SPINE is a legacy model with limited modern tooling.,Maintain the published ILCD/ISO mappings.,
REL-0159,LCA-DB-0037,CPM LCA Database,Exact asset-name match,LCA-STD-0006,ISO/TS 14048:2002,Exact asset-name match,documentation mapping,Confirmed,CPM publishes ISO/TS 14048-compatible views and mappings.,Mapping may not cover newer data-model concepts.,Review semantic loss against current requirements.,
REL-0160,LCA-DB-0038,ERASM Surfactant Life Cycle and Ecofootprinting Inventory,Exact asset-name match,,ILCD Data Format,External or unresolved endpoint,distribution/method alignment,Confirmed historically,ERASM states ILCD entry-level compliance and node access.,The historical node may be unavailable.,Archive the full machine-readable collection.,
REL-0161,LCA-DB-0039,CODDE Database,Exact asset-name match,,EIME,External or unresolved endpoint,native software distribution,Confirmed,CODDE 2026-04 is integrated in EIME.,Data and technical note are licence restricted.,Pair database and EIME version identifiers.,
REL-0162,LCA-DB-0040,IDEMAT Database,Exact asset-name match,LCA-SW-0003,openLCA,Exact asset-name match,software distribution,Confirmed,IDEMAT provides an openLCA package under academic/commercial conditions.,Rights differ from the public Excel file.,Maintain a channel-specific licence matrix.,
REL-0163,LCA-DB-0041,POLARIIS+,Exact asset-name match,,Quebec consumption LCI datasets,External or unresolved endpoint,lineage,Confirmed,"POLARIIS+ builds on and expands public food, housing and hygiene datasets.",Predecessor and new records may differ methodologically.,Publish lineage and change logs.,
REL-0164,LCA-DB-0041,POLARIIS+,Exact asset-name match,LCA-MTH-0010,IMPACT World+,Exact asset-name match,likely LCIA ecosystem,Documented institutional relationship,Both are CIRAIG lifecycle assets used for regionalized impact work.,A formal current implementation link was not confirmed.,State the LCIA package used by each release.,
REL-0165,LCA-DB-0042,Evah Pigments and Dyes LCI Databases,Exact asset-name match,LCA-REP-0001,openLCA Nexus,Exact asset-name match,distribution,Confirmed,Evah lists openLCA/Nexus distribution for its LCI bundles.,Package versions and licences vary.,"Capture exact product, version and checksum.",
REL-0166,LCA-DB-0043,EuGeos 15804-IA Database,Exact asset-name match,,openLCA EN15804 add-on,External or unresolved endpoint,successor/benchmark,Confirmed,GreenDelta documents using EuGeos as the previous implementation and comparison benchmark.,Results differ because ecoinvent and method logic changed.,Keep versions separate in longitudinal studies.,
REL-0167,LCA-DB-0043,EuGeos 15804-IA Database,Exact asset-name match,LCA-DB-0001,ecoinvent database,Exact asset-name match,background dependency,Confirmed,EuGeos 15804-IA extends an ecoinvent cut-off database.,Requires compatible ecoinvent licence/version.,Record exact ecoinvent release.,
REL-0168,LCA-NOM-0007,IUPAC International Chemical Identifier,Exact asset-name match,LCA-NOM-0009,PubChem Chemical Identifier System and Identifier Exchange Service,Exact asset-name match,identifier support/mapping,Confirmed,PubChem accepts and returns InChI and InChIKey.,Standardization policies can alter record matches.,Record match operation and source identifiers.,
REL-0169,LCA-NOM-0010,SMILES Chemical Line Notation,Exact asset-name match,LCA-NOM-0009,PubChem Chemical Identifier System and Identifier Exchange Service,Exact asset-name match,identifier/representation conversion,Confirmed,PubChem accepts SMILES and converts it to identifiers/records.,Canonical/isomeric dialect behavior matters.,Record toolkit/dialect and preserve original strings.,
REL-0170,LCA-NOM-0007,IUPAC International Chemical Identifier,Exact asset-name match,,LCA elementary-flow nomenclatures,External or unresolved endpoint,potential chemical crosswalk,Potential,InChI could add structure-based identity to named chemical flows.,"Many LCA flows are mixtures, groups or compartment-specific emissions.","Use identifiers as annotations, not replacements for flow semantics.",
REL-0171,LCA-SW-0028,Brightway Firefly,Exact asset-name match,LCA-SW-0002,Brightway,Exact asset-name match,user interface and calculation engine,Confirmed,Firefly publicly identifies Brightway as its LCA framework and project-data foundation.,"Results depend on the installed project, databases and package versions.","Record Firefly, Brightway, database and LCIA versions together.",
REL-0172,LCA-SW-0028,Brightway Firefly,Exact asset-name match,LCA-SW-0019,EOS — Environmental Operating System,Exact asset-name match,shared maintainer ecosystem,Confirmed,Both are Eaternity open-source LCA resources and are presented within the same research/software ecosystem.,They are distinct projects with potentially different data and release cycles.,"Document shared data, services and licences at component level.",
REL-0173,LCA-SW-0029,Agent Net Zero,Exact asset-name match,,LCA databases,External or unresolved endpoint,automated database matching,"Demonstrated, source-level details pending",Public demonstrations show AI-assisted matching of inventory items to databases.,"Database identity, licence, version and match validation are not publicly specified.","Require source UUIDs, confidence scores and human approval for every match.",
REL-0174,LCA-NET-0007,Climate Farm Demo,Exact asset-name match,LCA-SW-0030,DECiDE,Exact asset-name match,tool discovery and field-use context,Documented project context,Climate Farm Demo publishes farm MRV/tool resources and DECiDE is one regional LCA-based farm tool relevant to this landscape.,No common calculation boundary or exchange format is confirmed.,Compare a common farm case with declared boundaries and factor versions.,
REL-0175,LCA-REP-0006,Cornerstone Sustainability Data Hub,Exact asset-name match,LCA-DB-0033,Open CEDA,Exact asset-name match,stewardship and distribution,Confirmed,Cornerstone lists CEDA as one of its maintained downloadable core datasets.,The enterprise CEDA service and public Open CEDA release have different terms.,"Preserve release, licence and distribution channel.",
REL-0176,LCA-REP-0006,Cornerstone Sustainability Data Hub,Exact asset-name match,LCA-DB-0010,US Environmentally-Extended Input-Output models,Exact asset-name match,stewardship and planned unification,Confirmed,Cornerstone states that it maintains USEEIO and is unifying it with CEDA into a global open MRIO.,The combined model is not yet a completed release.,Keep source-model identities and concordances in the combined release.,
REL-0177,LCA-DB-0044,DeforestationFootprint.earth dataset and dashboard,Exact asset-name match,,GLORIA MRIO,External or unresolved endpoint,hybrid trade-model input,Confirmed for version 2.1,The public changelog states that version 2.1 switched the hybrid MRIO framework from EXIOBASE to GLORIA.,MRIO aggregation reduces demand-side commodity resolution.,Record GLORIA version and concordance with every footprint release.,
REL-0178,LCA-NET-0008,Départ de Sentier,Exact asset-name match,LCA-PLT-0006,Sentier Platform,Exact asset-name match,ownership and governance,Confirmed,DdS publicly identifies Sentier as infrastructure it is developing and staffing.,Platform governance may evolve as contributors and funders join.,Publish a formal stewardship and release policy.,
REL-0179,LCA-NET-0008,Départ de Sentier,Exact asset-name match,LCA-SW-0002,Brightway,Exact asset-name match,ecosystem stewardship and community support,Confirmed,DdS states that the Brightway open-source ecosystem is at the core of its activities and organizes Brightcon/training.,Community support does not imply sole ownership of Brightway.,Distinguish project governance from community convening.,
REL-0180,LCA-PLT-0006,Sentier Platform,Exact asset-name match,LCA-SW-0002,Brightway,Exact asset-name match,intended technical ecosystem,Documented,DdS public materials place Sentier in the open-source LCA/Brightway ecosystem.,Stable import/export interfaces and version support are not yet published.,Define conformance tests and versioned integration profiles.,
REL-0181,LCA-DB-0045,FOODTURE European Food LCI Database,Exact asset-name match,LCA-DB-0004,AGRIBALYSE,Exact asset-name match,planned source integration,Confirmed project plan,FOODTURE reports integration of leading datasets including AGRIBALYSE in its emerging food LCI framework.,"Source licences, release versions and transformations must be retained.",Publish record-level lineage and change logs.,
REL-0182,LCA-DB-0045,FOODTURE European Food LCI Database,Exact asset-name match,LCA-DB-0001,ecoinvent database,Exact asset-name match,planned background-data integration,Confirmed project plan,FOODTURE identifies ecoinvent among leading datasets integrated into its infrastructure.,Open-access commitments must respect ecoinvent redistribution rights.,Separate licensed backgrounds from shareable foreground data.,
REL-0183,LCA-DB-0045,FOODTURE European Food LCI Database,Exact asset-name match,LCA-MTH-0003,Product Environmental Footprint method,Exact asset-name match,method alignment,Planned/confirmed objective,The project states that the database will align with PEF and cover whole food value chains.,Final method profile and reference package are not yet released.,Publish the applicable EF/PEF version with every dataset.,
REL-0184,LCA-NET-0009,Forum for Sustainability through Life Cycle Innovation,Exact asset-name match,,MarILCA,External or unresolved endpoint,research support,Confirmed,FSLCI lists administrative and communication support for the Marine Litter Impacts in LCA project.,Support does not imply ownership of the method outputs.,Record output-specific owners and licences.,
REL-0185,LCA-REP-0007,AssessCCUS,Exact asset-name match,LCA-SW-0031,ESTIMATe,Exact asset-name match,hosts and documents,Confirmed,AssessCCUS links and explains ESTIMATe within its LCA templates and videos resources.,The external Zenodo tool has its own version and licence.,"Cite the exact ESTIMATe release, not only the repository page.",
REL-0186,LCA-SW-0031,ESTIMATe,Exact asset-name match,LCA-DB-0001,ecoinvent database,Exact asset-name match,licensed background dependency,Confirmed,AssessCCUS states that ESTIMATe integrates ecoinvent impact data and therefore requires a licence.,Tool openness does not permit redistribution of licensed data.,Keep the workbook/tool separate from user-supplied ecoinvent data.,
REL-0187,LCA-MTH-0018,Green Carbon Cycle conceptual framework,Exact asset-name match,LCA-MTH-0017,IPCC AR6 Global Warming Potential characterization factors,Exact asset-name match,method comparison/context,Related,The framework evaluates biogenic-carbon accounting approaches used alongside climate characterization.,No standardized implementation or factor package is defined.,State temporal assumptions and selected GWP implementation explicitly.,
REL-0188,LCA-SW-0032,Green Gold Label GHG Tool,Exact asset-name match,,ISO 14065,External or unresolved endpoint,verification requirement,Confirmed,GGL requires independent verification by an approved certification body in line with ISO 14065.,Tool output alone is not certified or verified.,"Retain verifier identity, scope and applicable scheme version.",
REL-0189,LCA-NET-0010,GreenGrocer project,Exact asset-name match,LCA-PLT-0002,HESTIA Data Platform,Exact asset-name match,funded improvement and deployment,Confirmed project plan,"GreenGrocer states that it will strengthen HESTIA and deploy its farm sustainability toolkit to about 20,000 farms.",Future GreenGrocer outputs may not share HESTIA release/licence terms.,Track deliverable-to-platform version lineage.,
REL-0190,LCA-NET-0010,GreenGrocer project,Exact asset-name match,LCA-DB-0007,EXIOBASE 3,Exact asset-name match,funded improvement and PEF/FAIR alignment,Confirmed project plan,The project names EXIOBASE among major food-footprint databases to be strengthened and standardized.,Planned improvements are not current EXIOBASE releases.,Create separate records for released GreenGrocer-derived versions.,
REL-0191,LCA-NET-0010,GreenGrocer project,Exact asset-name match,,Trase,External or unresolved endpoint,funded improvement and supply-chain traceability,Confirmed project plan,GreenGrocer explicitly includes Trase in work on food supply-chain specificity and deforestation blind spots.,Trase is not a conventional process-LCI database.,Define mappings from trade/deforestation evidence to LCI processes.,
REL-0192,LCA-MTH-0019,2019 Refinement to the 2006 IPCC Guidelines — Volume 4 AFOLU,Exact asset-name match,LCA-SW-0030,DECiDE,Exact asset-name match,potential emission-factor/method source,Potential,DECiDE models agricultural GHG emissions while IPCC Volume 4 supplies authoritative AFOLU estimation guidance.,No public implementation crosswalk was confirmed.,"Document equations, tiers and parameters actually used by DECiDE.",
REL-0193,LCA-NET-0011,LIFE ECO FOOD CHOICE,Exact asset-name match,LCA-MTH-0003,Product Environmental Footprint method,Exact asset-name match,methodological foundation,Confirmed project basis,The project states that its harmonized food methods build on the European PEF framework.,Project beta rules may extend or deviate from generic PEF.,Publish a clause-level profile and versioned deviations.,
REL-0194,LCA-NET-0011,LIFE ECO FOOD CHOICE,Exact asset-name match,LCA-DB-0004,AGRIBALYSE,Exact asset-name match,database extrapolation and foundation,Confirmed,The project publishes a method for adapting national food LCA databases and cites AGRIBALYSE as a methodological foundation.,Country transfer can reduce representativeness.,Retain source-country data and explicit extrapolation parameters.,
REL-0195,LCA-NET-0011,LIFE ECO FOOD CHOICE,Exact asset-name match,LCA-DB-0045,FOODTURE European Food LCI Database,Exact asset-name match,documented collaboration,Confirmed in 2026 project communication,The two projects announced co-development of an LCI methodology intended as an umbrella PEFCR for food.,The joint method is still under development.,Track the final jointly released document and governance.,
REL-0196,LCA-SW-0033,MApper,Exact asset-name match,,absolute environmental sustainability assessment,External or unresolved endpoint,planned method implementation,Provider-stated,The public project profile says MApper operationalizes absolute sustainability assessment across value chains.,No public technical method or implementation is available.,Require a released method specification and validation case.,
REL-0197,LCA-MTH-0020,Product Material Footprint method and characterization factors,Exact asset-name match,LCA-DB-0015,ÖKOBAUDAT,Exact asset-name match,demonstrated application,Confirmed,The repository states that PMF factors were applied in the BBSR project on raw-material effort in ÖKOBAUDAT.,The PMF factors are not automatically embedded in every ÖKOBAUDAT release.,Record the specific dataset and factor versions used.,
REL-0198,LCA-SW-0034,MATILDA,Exact asset-name match,,FABIO,External or unresolved endpoint,model dependency,Confirmed,MATILDA uses the FABIO multiregional input–output model to connect diets with international food supply chains.,FABIO year and classification constrain currency of results.,Retain model vintage and category crosswalks.,
REL-0199,LCA-NOM-0011,Minimal LCA Ontology Pattern,Exact asset-name match,,ILCD Data Format,External or unresolved endpoint,semantic complement,Proposed in source publication,The ontology paper positions its semantic pattern as a response to limitations of syntactic formats such as ILCD.,No maintained official mapping was confirmed.,Develop and test an explicit concept/property crosswalk.,
REL-0200,LCA-NOM-0011,Minimal LCA Ontology Pattern,Exact asset-name match,LCA-FMT-0001,ecoSpold2,Exact asset-name match,semantic complement,Proposed in source publication,The pattern addresses semantic interoperability gaps not solved by LCA exchange formats including EcoSpold.,The legacy pattern may not cover current ecoSpold2 concepts.,Validate coverage and URI persistence before reuse.,
REL-0201,LCA-REP-0008,Open Sustainable Technology,Exact asset-name match,LCA-SW-0002,Brightway,Exact asset-name match,catalogue inclusion,Confirmed,The directory lists Brightway in its dedicated LCA category.,Catalogue inclusion is not technical validation or endorsement.,Use the directory only as a lead and verify Brightway at its official source.,
REL-0202,LCA-REP-0008,Open Sustainable Technology,Exact asset-name match,,GLAD network,External or unresolved endpoint,catalogue inclusion,Confirmed,The directory lists the Global LCA Data Access Network in its LCA section.,Directory metadata can lag official network changes.,Refresh identity/status from GLAD primary sources.,
REL-0203,LCA-NOM-0012,PO2/TransformON,Exact asset-name match,,QUDT,External or unresolved endpoint,ontology reuse/alignment,Confirmed in peer-reviewed documentation,PO2 core reuses QUDT alongside SOSA/SSN and other upper/core resources.,Version alignment and unit-URI profiles must be managed.,Record ontology imports and validate unit mappings.,
REL-0204,LCA-REP-0009,product impact,Exact asset-name match,,EPD programme repositories,External or unresolved endpoint,data aggregation and source linking,Confirmed at platform level,The platform digitizes EPDs and links each record to its original verified source.,"Programme licences, validity and PCR rules vary.","Retain programme, declaration, PCR and validity identifiers.",
REL-0205,LCA-REP-0009,product impact,Exact asset-name match,,Product Category Rules,External or unresolved endpoint,governing rule linkage,Confirmed,The platform organizes EPDs together with their PCRs and uses rule linkage to support interpretation.,EPDs under different PCRs may not be comparable.,Enforce PCR/version comparability checks before ranking products.,
REL-0206,LCA-DB-0046,HiQLCD,Exact asset-name match,,ILCD Data Format,External or unresolved endpoint,declared format alignment,Provider-stated,HiQ states that the database is aligned with ILCD requirements for LCA data.,"The exact ILCD profile, export package and validator result were not public.",Obtain a sample export and validate it against the declared profile.,
REL-0207,LCA-DB-0046,HiQLCD,Exact asset-name match,,GLAD network,External or unresolved endpoint,potential network interoperability,Provider-stated; needs confirmation,HiQ presents the platform as supporting international exchange and references GLAD-oriented interoperability.,A current public GLAD node or registration was not independently confirmed.,"Confirm node status, metadata mapping and stable dataset identifiers.",
REL-0208,LCA-SW-0035,XYCLE,Exact asset-name match,LCA-DB-0047,Minviro Battery Materials Database,Exact asset-name match,native database integration,Confirmed by provider,Minviro identifies its battery-materials database as an integrated XYCLE data source.,Database releases and model versions are not publicly paired.,Publish paired software/database version identifiers and change logs.,
REL-0209,LCA-SW-0035,XYCLE,Exact asset-name match,LCA-DB-0001,ecoinvent database,Exact asset-name match,database integration,Confirmed by provider,The XYCLE page states integration with ecoinvent alongside proprietary data.,"Licence, supported releases and transformation details were not public.","Record exact ecoinvent version, system model and licence constraints.",
REL-0210,LCA-SW-0036,Theta LCA Software,Exact asset-name match,LCA-FMT-0007,openEPD Interchange Format,Exact asset-name match,native export format,Confirmed by provider,WAP states that Theta exports verifier-ready results directly in openEPD format.,The supported openEPD specification version and conformance evidence were not published.,Validate exported examples against a versioned openEPD schema.,MAP-0012
REL-0211,LCA-SW-0036,Theta LCA Software,Exact asset-name match,LCA-SW-0037,epd.world,Exact asset-name match,calculation-to-verification workflow,Confirmed by provider,WAP presents Theta and epd.world as connected calculation and EPD workflow components.,Calculation-model and workflow releases can change independently.,Retain software versions and verification state in each transferred record.,
REL-0212,LCA-SW-0037,epd.world,Exact asset-name match,LCA-DB-0048,OpenEPD Database,Exact asset-name match,verified-data publication,Confirmed by provider,WAP states that epd.world sends verified EPD data to the OpenEPD Database.,"Programme rules, licences and declaration validity vary.","Preserve programme, verifier, PCR, issue and expiry metadata.",
REL-0213,LCA-SW-0037,epd.world,Exact asset-name match,LCA-FMT-0007,openEPD Interchange Format,Exact asset-name match,workflow exchange format,Confirmed by provider,WAP states that verified data are transmitted in openEPD format.,Version and validation rules were not publicly specified.,Publish the exact schema version and validation report.,MAP-0013
REL-0214,LCA-DB-0048,OpenEPD Database,Exact asset-name match,LCA-FMT-0007,openEPD Interchange Format,Exact asset-name match,native data representation,Confirmed by provider,The database is presented as storing and connecting structured openEPD records.,Not every upstream declaration may expose the same completeness or sector extension.,Report conformance and completeness by record and sector profile.,
REL-0215,LCA-SW-0038,Umberto,Exact asset-name match,LCA-DB-0001,ecoinvent database,Exact asset-name match,database integration,Confirmed by provider,iPoint lists ecoinvent among databases used with Umberto.,Supported release/system-model combinations and licences vary.,Maintain an explicit software/database compatibility matrix.,
REL-0216,LCA-SW-0038,Umberto,Exact asset-name match,,USLCI,External or unresolved endpoint,database integration,Confirmed by provider,iPoint lists the US Life Cycle Inventory database among Umberto data sources.,"Import path, database vintage and mapping quality were not public.","Document source release, import profile and elementary-flow mapping.",
REL-0217,LCA-SW-0038,Umberto,Exact asset-name match,LCA-DB-0006,cm.chemicals,Exact asset-name match,database integration,Confirmed by provider,iPoint lists Carbon Minds data as an available professional database connection.,Commercial licences and version pairings apply.,Record exact cm.chemicals method/data release and usage rights.,
REL-0218,LCA-REP-0010,EPD Australasia EPD Database,Exact asset-name match,LCA-REP-0004,International EPD System Data Hub,Exact asset-name match,regional programme relationship,Confirmed at programme level,EPD Australasia operates as a regional EPD programme within the International EPD System ecosystem.,Repository interfaces and digital-record synchronization may differ.,"Verify record federation, identifiers and update latency.",
REL-0219,LCA-SW-0039,Athena Building LCA,Exact asset-name match,LCA-DB-0049,Athena LCA Databases,Exact asset-name match,native background-data dependency,Confirmed,Athena identifies its regionally sensitive LCI databases as the background to its building tools.,Tool and database release identifiers were not publicly paired.,Publish versioned tool-to-database dependencies.,
REL-0220,LCA-SW-0040,Athena Impact Estimator for Buildings,Exact asset-name match,LCA-DB-0049,Athena LCA Databases,Exact asset-name match,native background-data dependency,Confirmed,The Impact Estimator uses Athena's North American material and regional background databases.,Legacy/current database vintages may vary by installed release.,Capture installed software and database versions together.,
REL-0221,LCA-SW-0041,Athena Pavement LCA,Exact asset-name match,LCA-DB-0049,Athena LCA Databases,Exact asset-name match,native background-data dependency,Confirmed,"The pavement tool uses Athena roadway, material, equipment, energy and transport data.",Geographic coverage is limited to supported Canadian and U.S. regions.,Publish data vintage and regional applicability for each run.,
REL-0222,LCA-SW-0041,Athena Pavement LCA,Exact asset-name match,,USLCI,External or unresolved endpoint,source-data dependency,Confirmed by provider,Athena states that the pavement tool uses USLCI inputs.,The exact USLCI release and transformations were not public.,Record source release and transformed process lineage.,
REL-0223,LCA-SW-0041,Athena Pavement LCA,Exact asset-name match,,TRACI,External or unresolved endpoint,LCIA method implementation,Confirmed by provider,Athena states that the pavement tool reports TRACI impact indicators.,The exact TRACI version and characterization package were not public.,Record the method/factor version with each result.,
REL-0224,LCA-DB-0050,European Aluminium Environmental Profile LCI datasets,Exact asset-name match,LCA-SW-0042,Automotive Life-Cycle Assessment Model,Exact asset-name match,sector data input,Documented,The automotive model draws on aluminium industry life-cycle data developed by IAI and European Aluminium.,The model predates the latest 2024 Environmental Profile release.,Map each calculator release to its exact aluminium data vintage.,
REL-0225,LCA-DB-0051,JLCA Database,Exact asset-name match,LCA-DB-0008,AIST-IDEA,Exact asset-name match,linked-data integration,Confirmed by provider,JLCA states that it provides IDEA-linked cradle-to-gate inventories in the member database.,"IDEA and JLCA releases, licences and linkage rules may differ.",Record both releases and the linking/transformation method.,
REL-0226,LCA-DB-0052,MexiLCA,Exact asset-name match,,ILCD Data Format,External or unresolved endpoint,declared exchange alignment,Provider-stated,MexiLCA states alignment with ILCD for life-cycle datasets.,No public conformance sample was independently tested.,Validate downloadable records against the claimed ILCD profile.,
REL-0227,LCA-DB-0052,MexiLCA,Exact asset-name match,,GLAD network,External or unresolved endpoint,declared interoperability,Provider-stated,MexiLCA states that its platform follows GLAD interoperability guidance.,Current node registration and metadata synchronization were not confirmed.,"Confirm GLAD endpoint, mapping and persistent identifiers.",
REL-0228,LCA-DB-0052,MexiLCA,Exact asset-name match,LCA-SW-0003,openLCA,Exact asset-name match,software compatibility,Provider-stated,MexiLCA lists openLCA among compatible LCA applications.,The exact package and supported software version were not tested.,Publish a tested import package with validation notes.,
REL-0229,LCA-REP-0011,EPDItaly EPD Database,Exact asset-name match,LCA-QA-0006,EPDItaly Qualified LCA Tool Scheme,Exact asset-name match,quality-governed publication workflow,Confirmed,EPDItaly uses qualified reusable calculation models to streamline subsequent EPD verification and publication.,"Qualification is scoped to defined tool versions, inputs and programme rules.",Retain qualification identifier and rule version on every generated declaration.,
REL-0230,LCA-REP-0011,EPDItaly EPD Database,Exact asset-name match,LCA-STD-0004,EN 15804:2012+A2:2019+AC:2021,Exact asset-name match,construction EPD method dependency,Confirmed where applicable,EPDItaly construction declarations follow EN 15804 programme rules.,Other product categories and programme transitions may use different rule sets.,Record the applicable PCR and EN 15804 edition per declaration.,
REL-0231,LCA-REP-0011,EPDItaly EPD Database,Exact asset-name match,LCA-STD-0005,ISO 14025:2026,Exact asset-name match,programme standards context,Current standards relationship,EPDItaly is a Type III EPD programme governed by ISO 14025 principles.,Programme transition from the withdrawn 2006 edition to the 2026 edition requires confirmation.,Document the formal transition timetable and affected procedures.,
REL-0232,LCA-DB-0053,EUROFER Stainless LCI Data,Exact asset-name match,LCA-DB-0023,worldsteel Life Cycle Inventory Database,Exact asset-name match,regional/sector complement,Related,"Both provide industry-average steel-sector LCI, with EUROFER focused on European stainless products.","Products, system boundaries, allocation and data years can differ.","Develop a product-, region-, method- and vintage-specific concordance.",
REL-0233,LCA-NET-0012,Red Iberoamericana de Ciclo de Vida,Exact asset-name match,LCA-DB-0052,MexiLCA,Exact asset-name match,regional discovery and expert-validation context,Related,RICV coordinates national LCA communities in the region where MexiLCA is a major emerging data asset.,Network participation does not imply database ownership or technical endorsement.,Confirm the responsible national network and formal stewardship relationship.,
