software_company_role_id,asset_id,product_name,organization_name,entity_type,role,original_public_label,resolution_status,evidence_url,reviewed_at,organization_id
SCRL-00001,LCA-SW-0001,SimaPro desktop edition,PRé Sustainability B.V.,Company,developer,PRé Sustainability B.V.,Actor and role resolved from reviewed public evidence,https://simapro.com/insights/simapro-and-pre-are-now-part-of-one-click-lca/,2026-09-01,ORG-0286
SCRL-00002,LCA-SW-0001,SimaPro desktop edition,SimaPro B.V.,Company,operator/maintainer,SimaPro,Actor and role resolved from reviewed public evidence,https://simapro.com/legal/,2026-09-01,ORG-0308
SCRL-00003,LCA-SW-0001,SimaPro desktop edition,One Click LCA Oy Ltd,Company,owner,One Click LCA group,Actor and role resolved from reviewed public evidence,https://simapro.com/insights/simapro-and-pre-are-now-part-of-one-click-lca/,2026-09-01,ORG-0265
SCRL-00004,LCA-SW-0002,Brightway,Chris Mutel,Individual,developer,Chris Mutel,Actor and role resolved from reviewed public evidence,https://docs.brightway.dev/en/latest/content/other/credits.html,2026-09-01,ORG-0051
SCRL-00005,LCA-SW-0003,openLCA,GreenDelta GmbH,Company,developer,GreenDelta GmbH,Actor and role resolved from reviewed public evidence,https://www.openlca.org/,2026-09-01,ORG-0173
SCRL-00006,LCA-SW-0003,openLCA,GreenDelta GmbH,Company,operator/maintainer,GreenDelta GmbH,Actor and role resolved from reviewed public evidence,https://www.openlca.org/,2026-09-01,ORG-0173
SCRL-00007,LCA-SW-0003,openLCA,GreenDelta GmbH,Company,owner,GreenDelta GmbH,Actor and role resolved from reviewed public evidence,https://www.openlca.org/,2026-09-01,ORG-0173
SCRL-00008,LCA-SW-0004,One Click LCA,One Click LCA Oy Ltd,Company,developer,One Click LCA Oy Ltd,Actor and role resolved from reviewed public evidence,https://oneclicklca.com/en-us/,2026-09-01,ORG-0265
SCRL-00009,LCA-SW-0004,One Click LCA,One Click LCA Oy Ltd,Company,operator/maintainer,One Click LCA,Actor and role resolved from reviewed public evidence,https://oneclicklca.com/en-us/,2026-09-01,ORG-0265
SCRL-00010,LCA-SW-0004,One Click LCA,One Click LCA Oy Ltd,Company,owner,One Click LCA Ltd / One Click LCA group,Actor and role resolved from reviewed public evidence,https://oneclicklca.com/en-us/,2026-09-01,ORG-0265
SCRL-00011,LCA-SW-0005,Sphera LCA for Experts,"Sphera Solutions, Inc.",Company,developer,"Sphera Solutions, Inc.",Actor and role resolved from reviewed public evidence,https://sphera.com/solutions/product-stewardship/life-cycle-assessment-software-and-data/,2026-09-01,ORG-0318
SCRL-00012,LCA-SW-0005,Sphera LCA for Experts,"Sphera Solutions, Inc.",Company,operator/maintainer,Sphera,Actor and role resolved from reviewed public evidence,https://sphera.com/solutions/product-stewardship/life-cycle-assessment-software-and-data/,2026-09-01,ORG-0318
SCRL-00013,LCA-SW-0005,Sphera LCA for Experts,"Sphera Solutions, Inc.",Company,owner,Sphera,Actor and role resolved from reviewed public evidence,https://sphera.com/solutions/product-stewardship/life-cycle-assessment-software-and-data/,2026-09-01,ORG-0318
SCRL-00014,LCA-SW-0006,Lavoisier,Federal University of Technology – Paraná (UTFPR),University / research institution,developer,Federal University of Technology – Paraná (UTFPR),Actor and role resolved from reviewed public evidence,https://github.com/JosePauloSavioli/Lavoisier,2026-09-01,ORG-0139
SCRL-00015,LCA-SW-0007,R&D GREET,Argonne National Laboratory,University / research institution,developer,Argonne National Laboratory,Actor and role resolved from reviewed public evidence,https://www.energy.gov/cmei/rd-greet-life-cycle-assessment-model,2026-09-01,ORG-0012
SCRL-00016,LCA-SW-0007,R&D GREET,Argonne National Laboratory,University / research institution,operator/maintainer,Argonne National Laboratory,Actor and role resolved from reviewed public evidence,https://www.energy.gov/cmei/rd-greet-life-cycle-assessment-model,2026-09-01,ORG-0012
SCRL-00017,LCA-SW-0007,R&D GREET,U.S. Department of Energy,Public body,owner,United States Department of Energy,Actor and role resolved from reviewed public evidence,https://www.energy.gov/cmei/rd-greet-life-cycle-assessment-model,2026-09-01,ORG-0349
SCRL-00018,LCA-SW-0008,HESTIA Calculation Models,University of Oxford,University / research institution,developer,University of Oxford,Actor and role resolved from reviewed public evidence,https://www.hestia.earth/docs,2026-09-01,ORG-0359
SCRL-00019,LCA-SW-0008,HESTIA Calculation Models,University of Oxford,University / research institution,owner,HESTIA project / University of Oxford,Actor and role resolved from reviewed public evidence,https://www.hestia.earth/docs,2026-09-01,ORG-0359
SCRL-00020,LCA-SW-0009,Ecochain LCA automation software,Ecochain Technologies B.V.,Company,developer,Ecochain Technologies B.V.,Actor and role resolved from reviewed public evidence,https://ecochain.com/product/,2026-09-01,ORG-0095
SCRL-00021,LCA-SW-0009,Ecochain LCA automation software,Ecochain Technologies B.V.,Company,operator/maintainer,Ecochain Technologies,Actor and role resolved from reviewed public evidence,https://ecochain.com/product/,2026-09-01,ORG-0095
SCRL-00022,LCA-SW-0009,Ecochain LCA automation software,Ecochain Technologies B.V.,Company,owner,Ecochain Technologies,Actor and role resolved from reviewed public evidence,https://ecochain.com/product/,2026-09-01,ORG-0095
SCRL-00023,LCA-SW-0010,LCA as Code,Kleis Technology,Company,developer,Kleis Technology,Actor and role resolved from reviewed public evidence,https://lca-as-code.com/,2026-09-01,ORG-0228
SCRL-00024,LCA-SW-0010,LCA as Code,Kleis Technology,Company,operator/maintainer,LCA as Code team,Actor and role resolved from reviewed public evidence,https://lca-as-code.com/,2026-09-01,ORG-0228
SCRL-00025,LCA-SW-0011,LCAx toolkit,Christian Kongsgaard,Individual,developer,Christian Kongsgaard,Actor and role resolved from reviewed public evidence,https://github.com/ocni-dtu/lcax,2026-09-01,ORG-0052
SCRL-00026,LCA-SW-0012,LCIA Formatter,U.S. Environmental Protection Agency,Public body,developer,U.S. Environmental Protection Agency,Actor and role resolved from reviewed public evidence,https://github.com/FLCAC-admin/LCIAformatter,2026-09-01,ORG-0351
SCRL-00027,LCA-SW-0012,LCIA Formatter,Federal LCA Commons,Public consortium / community,operator/maintainer,FLCAC-admin repository contributors,Actor and role resolved from reviewed public evidence,https://github.com/FLCAC-admin/LCIAformatter,2026-09-01,ORG-0138
SCRL-00028,LCA-SW-0012,LCIA Formatter,U.S. Environmental Protection Agency,Public body,owner,United States Environmental Protection Agency / Federal LCA Commons ecosystem,Actor and role resolved from reviewed public evidence,https://github.com/FLCAC-admin/LCIAformatter,2026-09-01,ORG-0351
SCRL-00029,LCA-SW-0013,soda4LCA,Oliver Kusche Research & Consulting (OKWorx),Company,developer,Oliver Kusche Research & Consulting (OKWorx),Actor and role resolved from reviewed public evidence,https://soda4lca.io/,2026-09-01,ORG-0264
SCRL-00030,LCA-SW-0013,soda4LCA,Oliver Kusche Research & Consulting (OKWorx),Company,operator/maintainer,soda4LCA maintainers / OKWorx,Actor and role resolved from reviewed public evidence,https://soda4lca.io/,2026-09-01,ORG-0264
SCRL-00031,LCA-SW-0014,premise,Paul Scherrer Institute,University / research institution,developer,Paul Scherrer Institute,Actor and role resolved from reviewed public evidence,https://github.com/polca/premise/blob/master/CITATION.cff,2026-09-01,ORG-0273
SCRL-00032,LCA-SW-0014,premise,Potsdam Institute for Climate Impact Research,University / research institution,developer,Potsdam Institute for Climate Impact Research,Actor and role resolved from reviewed public evidence,https://github.com/polca/premise/blob/master/CITATION.cff,2026-09-01,ORG-0285
SCRL-00033,LCA-SW-0014,premise,Paul Scherrer Institute,University / research institution,operator/maintainer,premise contributors,Actor and role resolved from reviewed public evidence,https://github.com/polca/premise,2026-09-01,ORG-0273
SCRL-00034,LCA-SW-0015,2050 Materials Sustainability Data API,2050 Materials,Company,developer,2050 Materials,Actor and role resolved from reviewed public evidence,https://2050-materials.com/sustainability-data-api/,2026-09-01,ORG-0001
SCRL-00035,LCA-SW-0016,Climatiq Carbon Intelligence Platform,Climatiq GmbH,Company,developer,Climatiq GmbH,Actor and role resolved from reviewed public evidence,https://www.climatiq.io/,2026-09-01,ORG-0068
SCRL-00036,LCA-SW-0017,Higg Index,Worldly,Company,operator/maintainer,Cascale; exclusively delivered on Worldly,Actor and role resolved from reviewed public evidence,https://cascale.org/tools-programs/higg-index-tools/,2026-09-01,ORG-0378
SCRL-00037,LCA-SW-0017,Higg Index,Cascale,Nonprofit / industry organization,owner,Cascale,Actor and role resolved from reviewed public evidence,https://cascale.org/tools-programs/higg-index-tools/,2026-09-01,ORG-0043
SCRL-00038,LCA-SW-0018,Makersite,Makersite GmbH,Company,developer,Makersite GmbH,Actor and role resolved from reviewed public evidence,https://makersite.io/,2026-09-01,ORG-0249
SCRL-00039,LCA-SW-0018,Makersite,Makersite GmbH,Company,operator/maintainer,Makersite GmbH,Actor and role resolved from reviewed public evidence,https://makersite.io/,2026-09-01,ORG-0249
SCRL-00040,LCA-SW-0018,Makersite,Makersite GmbH,Company,owner,Makersite GmbH,Actor and role resolved from reviewed public evidence,https://makersite.io/,2026-09-01,ORG-0249
SCRL-00041,LCA-SW-0019,EOS — Environmental Operating System,Eaternity,Nonprofit / industry organization,developer,Eaternity,Actor and role resolved from reviewed public evidence,https://eaternity.org/,2026-09-01,ORG-0088
SCRL-00042,LCA-SW-0019,EOS — Environmental Operating System,Eaternity,Nonprofit / industry organization,operator/maintainer,Eaternity,Actor and role resolved from reviewed public evidence,https://eaternity.org/,2026-09-01,ORG-0088
SCRL-00043,LCA-SW-0020,Matter PD,EarthShift Global,Company,developer,EarthShift Global,Actor and role resolved from reviewed public evidence,https://earthshiftglobal.com/matter-pd/,2026-09-01,ORG-0087
SCRL-00044,LCA-SW-0020,Matter PD,EarthShift Global,Company,operator/maintainer,EarthShift Global,Actor and role resolved from reviewed public evidence,https://earthshiftglobal.com/matter-pd/,2026-09-01,ORG-0087
SCRL-00045,LCA-SW-0021,PackageSmart,EarthShift Global,Company,developer,EarthShift Global,Actor and role resolved from reviewed public evidence,https://earthshiftglobal.com/packagesmart,2026-09-01,ORG-0087
SCRL-00046,LCA-SW-0021,PackageSmart,EarthShift Global,Company,operator/maintainer,EarthShift Global,Actor and role resolved from reviewed public evidence,https://earthshiftglobal.com/packagesmart,2026-09-01,ORG-0087
SCRL-00047,LCA-SW-0022,PIQET,Lifecycles,Company,developer,Lifecycles,Actor and role resolved from reviewed public evidence,https://piqet.com/,2026-09-01,ORG-0248
SCRL-00048,LCA-SW-0022,PIQET,Lifecycles,Company,operator/maintainer,PIQET service team,Actor and role resolved from reviewed public evidence,https://piqet.com/,2026-09-01,ORG-0248
SCRL-00049,LCA-SW-0022,PIQET,PIQET Consortium,Public consortium / community,owner,The PIQET Consortium / Lifecycles and partners,Actor and role resolved from reviewed public evidence,https://piqet.com/,2026-09-01,ORG-0279
SCRL-00050,LCA-SW-0025,Capillar Sustainable Cloud,"Hangzhou Qinglvlan Environmental Digital Technology Co., Ltd.",Company,developer,"Hangzhou Qinglvlan Environmental Digital Technology Co., Ltd.",Actor and role resolved from reviewed public evidence,https://www.lcapillar.com/,2026-09-01,ORG-0178
SCRL-00051,LCA-SW-0025,Capillar Sustainable Cloud,"Hangzhou Qinglvlan Environmental Digital Technology Co., Ltd.",Company,owner,Hangzhou Qinglvlan Environmental Digital Technology,Actor and role resolved from reviewed public evidence,https://www.lcapillar.com/,2026-09-01,ORG-0178
SCRL-00052,LCA-SW-0026,EcoSemantic,Kimel Tech SpA,Company,developer,Kimel Tech SpA,Actor and role resolved from reviewed public evidence,https://docs.ecosemantic.com/,2026-09-01,ORG-0226
SCRL-00053,LCA-SW-0026,EcoSemantic,Kimel Tech SpA,Company,owner,Kimel Tech SpA,Actor and role resolved from reviewed public evidence,https://docs.ecosemantic.com/,2026-09-01,ORG-0226
SCRL-00054,LCA-SW-0027,LCA CARE Tool,LCA CARE project consortium,Public consortium / community,developer,LCA CARE project consortium,Actor and role resolved from reviewed public evidence,https://lca-care.eu/lca-care-tool/,2026-09-01,ORG-0231
SCRL-00055,LCA-SW-0027,LCA CARE Tool,LCA CARE project consortium,Public consortium / community,owner,LCA CARE project consortium,Actor and role resolved from reviewed public evidence,https://lca-care.eu/lca-care-tool/,2026-09-01,ORG-0231
SCRL-00056,LCA-SW-0028,Brightway Firefly,Eaternity,Nonprofit / industry organization,developer,Eaternity,Actor and role resolved from reviewed public evidence,https://brightway.eaternity.ch/,2026-09-01,ORG-0088
SCRL-00057,LCA-SW-0028,Brightway Firefly,Eaternity,Nonprofit / industry organization,operator/maintainer,Eaternity open-source team,Actor and role resolved from reviewed public evidence,https://brightway.eaternity.ch/,2026-09-01,ORG-0088
SCRL-00058,LCA-SW-0029,Agent Net Zero,Advanced Manufacturing Research Centre (AMRC),University / research institution,developer,Advanced Manufacturing Research Centre (AMRC),Actor and role resolved from reviewed public evidence,https://agentnetzero.com/,2026-09-01,ORG-0006
SCRL-00059,LCA-SW-0029,Agent Net Zero,University of Sheffield,University / research institution,developer,University of Sheffield,Actor and role resolved from reviewed public evidence,https://agentnetzero.com/,2026-09-01,ORG-0361
SCRL-00060,LCA-SW-0030,DECiDE,Walloon Agricultural Research Centre (CRA-W),University / research institution,developer,Walloon Agricultural Research Centre (CRA-W),Actor and role resolved from reviewed public evidence,https://www.decide.cra.wallonie.be/,2026-09-01,ORG-0370
SCRL-00061,LCA-SW-0030,DECiDE,Walloon Agricultural Research Centre (CRA-W),University / research institution,operator/maintainer,CRA-W,Actor and role resolved from reviewed public evidence,https://www.decide.cra.wallonie.be/,2026-09-01,ORG-0370
SCRL-00062,LCA-SW-0031,ESTIMATe,RWTH Aachen University,University / research institution,developer,RWTH Aachen University,Actor and role resolved from reviewed public evidence,https://assessccus.globalco2initiative.org/lca/templates-and-videos/,2026-09-01,ORG-0302
SCRL-00063,LCA-SW-0032,Green Gold Label GHG Tool,Studio Gear Up,Company,developer,Studio Gear Up,Actor and role resolved from reviewed public evidence,https://greengoldlabel.com/ghg-tool,2026-09-01,ORG-0320
SCRL-00064,LCA-SW-0032,Green Gold Label GHG Tool,Green Gold Label Foundation,Nonprofit / industry organization,operator/maintainer,Green Gold Label Foundation with studio Gear Up,Actor and role resolved from reviewed public evidence,https://greengoldlabel.com/ghg-tool,2026-09-01,ORG-0171
SCRL-00065,LCA-SW-0032,Green Gold Label GHG Tool,Green Gold Label Foundation,Nonprofit / industry organization,owner,Green Gold Label Foundation,Actor and role resolved from reviewed public evidence,https://greengoldlabel.com/ghg-tool,2026-09-01,ORG-0171
SCRL-00066,LCA-SW-0033,MApper,Leonardo Ferhati,Individual,developer,Leonardo Ferhati,Actor and role resolved from reviewed public evidence,https://mapper.leonardoferhati.com/,2026-09-01,ORG-0242
SCRL-00067,LCA-SW-0033,MApper,Leonardo Ferhati,Individual,owner,Leonardo Ferhati,Actor and role resolved from reviewed public evidence,https://mapper.leonardoferhati.com/,2026-09-01,ORG-0242
SCRL-00068,LCA-SW-0035,XYCLE,Minviro Ltd,Company,developer,Minviro Ltd,Actor and role resolved from reviewed public evidence,https://www.minviro.com/xycle,2026-09-01,ORG-0255
SCRL-00069,LCA-SW-0035,XYCLE,Minviro Ltd,Company,operator/maintainer,Minviro,Actor and role resolved from reviewed public evidence,https://www.minviro.com/xycle,2026-09-01,ORG-0255
SCRL-00070,LCA-SW-0035,XYCLE,Minviro Ltd,Company,owner,Minviro Ltd,Actor and role resolved from reviewed public evidence,https://www.minviro.com/xycle,2026-09-01,ORG-0255
SCRL-00071,LCA-SW-0036,Theta LCA Software,"WAP Sustainability, LLC",Company,developer,"WAP Sustainability, LLC",Actor and role resolved from reviewed public evidence,https://wapsustainability.com/2025/10/13/wap-sustainability-launches-omnichannel-lca-amp-epd-platform-built-on-openepd/,2026-09-01,ORG-0372
SCRL-00072,LCA-SW-0036,Theta LCA Software,"WAP Sustainability, LLC",Company,operator/maintainer,WAP Sustainability,Actor and role resolved from reviewed public evidence,https://wapsustainability.com/2025/10/13/wap-sustainability-launches-omnichannel-lca-amp-epd-platform-built-on-openepd/,2026-09-01,ORG-0372
SCRL-00073,LCA-SW-0036,Theta LCA Software,"WAP Sustainability, LLC",Company,owner,"WAP Sustainability, LLC",Actor and role resolved from reviewed public evidence,https://wapsustainability.com/2025/10/13/wap-sustainability-launches-omnichannel-lca-amp-epd-platform-built-on-openepd/,2026-09-01,ORG-0372
SCRL-00074,LCA-SW-0037,epd.world,"WAP Sustainability, LLC",Company,developer,"WAP Sustainability, LLC",Actor and role resolved from reviewed public evidence,https://epd.world/,2026-09-01,ORG-0372
SCRL-00075,LCA-SW-0037,epd.world,"WAP Sustainability, LLC",Company,operator/maintainer,WAP Sustainability,Actor and role resolved from reviewed public evidence,https://epd.world/,2026-09-01,ORG-0372
SCRL-00076,LCA-SW-0037,epd.world,"WAP Sustainability, LLC",Company,owner,"WAP Sustainability, LLC",Actor and role resolved from reviewed public evidence,https://epd.world/,2026-09-01,ORG-0372
SCRL-00077,LCA-SW-0038,Umberto,iPoint-systems GmbH,Company,developer,iPoint-systems GmbH,Actor and role resolved from reviewed public evidence,https://www.ipoint-systems.com/software/umberto/,2026-09-01,ORG-0216
SCRL-00078,LCA-SW-0038,Umberto,iPoint-systems GmbH,Company,operator/maintainer,iPoint,Actor and role resolved from reviewed public evidence,https://www.ipoint-systems.com/software/umberto/,2026-09-01,ORG-0216
SCRL-00079,LCA-SW-0039,Athena Building LCA,Athena Sustainable Materials Institute,Nonprofit / industry organization,developer,Athena Sustainable Materials Institute,Actor and role resolved from reviewed public evidence,https://www.athenasmi.org/our-software-data/athena-building-lca/,2026-09-01,ORG-0014
SCRL-00080,LCA-SW-0039,Athena Building LCA,Athena Sustainable Materials Institute,Nonprofit / industry organization,operator/maintainer,Athena Sustainable Materials Institute,Actor and role resolved from reviewed public evidence,https://www.athenasmi.org/our-software-data/athena-building-lca/,2026-09-01,ORG-0014
SCRL-00081,LCA-SW-0039,Athena Building LCA,Athena Sustainable Materials Institute,Nonprofit / industry organization,owner,Athena Sustainable Materials Institute,Actor and role resolved from reviewed public evidence,https://www.athenasmi.org/our-software-data/athena-building-lca/,2026-09-01,ORG-0014
SCRL-00082,LCA-SW-0040,Athena Impact Estimator for Buildings,Athena Sustainable Materials Institute,Nonprofit / industry organization,developer,Athena Sustainable Materials Institute,Actor and role resolved from reviewed public evidence,https://www.athenasmi.org/our-software-data/impact-estimator/,2026-09-01,ORG-0014
SCRL-00083,LCA-SW-0040,Athena Impact Estimator for Buildings,Athena Sustainable Materials Institute,Nonprofit / industry organization,operator/maintainer,Athena Sustainable Materials Institute,Actor and role resolved from reviewed public evidence,https://www.athenasmi.org/our-software-data/impact-estimator/,2026-09-01,ORG-0014
SCRL-00084,LCA-SW-0040,Athena Impact Estimator for Buildings,Athena Sustainable Materials Institute,Nonprofit / industry organization,owner,Athena Sustainable Materials Institute,Actor and role resolved from reviewed public evidence,https://www.athenasmi.org/our-software-data/impact-estimator/,2026-09-01,ORG-0014
SCRL-00085,LCA-SW-0041,Athena Pavement LCA,Athena Sustainable Materials Institute,Nonprofit / industry organization,developer,Athena Sustainable Materials Institute,Actor and role resolved from reviewed public evidence,https://www.athenasmi.org/our-software-data/pavement-lca/,2026-09-01,ORG-0014
SCRL-00086,LCA-SW-0041,Athena Pavement LCA,Athena Sustainable Materials Institute,Nonprofit / industry organization,operator/maintainer,Athena Sustainable Materials Institute,Actor and role resolved from reviewed public evidence,https://www.athenasmi.org/our-software-data/pavement-lca/,2026-09-01,ORG-0014
SCRL-00087,LCA-SW-0041,Athena Pavement LCA,Athena Sustainable Materials Institute,Nonprofit / industry organization,owner,Athena Sustainable Materials Institute,Actor and role resolved from reviewed public evidence,https://www.athenasmi.org/our-software-data/pavement-lca/,2026-09-01,ORG-0014
SCRL-00088,LCA-SW-0042,Automotive Life-Cycle Assessment Model,European Aluminium,Nonprofit / industry organization,developer,European Aluminium,Actor and role resolved from reviewed public evidence,https://european-aluminium.eu/wp-content/uploads/2022/10/lma_jun_2019_p010_updated-automotive-lifecycle-assessment-model-launched-reprint-1.pdf,2026-09-01,ORG-0118
SCRL-00089,LCA-SW-0042,Automotive Life-Cycle Assessment Model,International Aluminium Institute,Nonprofit / industry organization,developer,International Aluminium Institute,Actor and role resolved from reviewed public evidence,https://european-aluminium.eu/wp-content/uploads/2022/10/lma_jun_2019_p010_updated-automotive-lifecycle-assessment-model-launched-reprint-1.pdf,2026-09-01,ORG-0206
SCRL-00090,LCA-SW-0042,Automotive Life-Cycle Assessment Model,European Aluminium,Nonprofit / industry organization,owner,International Aluminium Institute and European Aluminium,Actor and role resolved from reviewed public evidence,https://european-aluminium.eu/wp-content/uploads/2022/10/lma_jun_2019_p010_updated-automotive-lifecycle-assessment-model-launched-reprint-1.pdf,2026-09-01,ORG-0118
SCRL-00091,LCA-SW-0042,Automotive Life-Cycle Assessment Model,International Aluminium Institute,Nonprofit / industry organization,owner,International Aluminium Institute and European Aluminium,Actor and role resolved from reviewed public evidence,https://european-aluminium.eu/wp-content/uploads/2022/10/lma_jun_2019_p010_updated-automotive-lifecycle-assessment-model-launched-reprint-1.pdf,2026-09-01,ORG-0206
SCRL-00092,LCA-SW-0043,TIDAS Tools,"TianGong LCA research team, Tsinghua University",University / research institution,developer,"TianGong LCA research team, Tsinghua University",Actor and role resolved from reviewed public evidence,https://github.com/tiangong-lca/tidas-tools,2026-09-01,ORG-0340
SCRL-00093,LCA-SW-0043,TIDAS Tools,"TianGong LCA research team, Tsinghua University",University / research institution,operator/maintainer,TIDAS Tools maintainers and public contributors,Actor and role resolved from reviewed public evidence,https://github.com/tiangong-lca/tidas-tools,2026-09-01,ORG-0340
SCRL-00094,LCA-SW-0043,TIDAS Tools,Tsinghua University,University / research institution,owner,TianGong LCA / TIDAS open-source project,Actor and role resolved from reviewed public evidence,https://github.com/tiangong-lca/tidas-tools,2026-09-01,ORG-0348
SCRL-00095,LCA-SW-0044,3DEXPERIENCE Platform,Dassault Systèmes,Company,developer,Dassault Systèmes,Distinct public developer/provider label retained; legal entity suffix not independently normalized,https://www.3ds.com/sustainability,2026-09-01,ORG-0074
SCRL-00096,LCA-SW-0045,Altruistiq,Expanding Circle Ltd (trading as Altruistiq),Company,developer,Altruistiq,Legal entity resolved from official company information,https://www.altruistiq.com/contact/contact-us,2026-09-01,ORG-0136
SCRL-00097,LCA-SW-0046,ASUENE,ASUENE Inc.,Company,developer,ASUENE,Company identity resolved from official product evidence,https://asuene.com/lca/en,2026-09-01,ORG-0013
SCRL-00098,LCA-SW-0047,ASUENE LCA,ASUENE Inc.,Company,developer,ASUENE Inc.,Distinct public developer/provider label retained; legal entity suffix not independently normalized,https://asuene.com/lca/en,2026-09-01,ORG-0013
SCRL-00099,LCA-SW-0048,ASUS ESG Carbon Data Management Platform,Taiwan Web Service Corporation,Company,developer,Taiwan Web Service Corporation,Distinct public developer/provider label retained; legal entity suffix not independently normalized,https://asus.aplusesg.com,2026-09-01,ORG-0327
SCRL-00100,LCA-SW-0049,Atma.io,Avery Dennison Corporation,Company,developer,Atma.io,Official site identifies atma.io as an Avery Dennison digital venture and trademark,https://www.atma.io/about-us,2026-09-01,ORG-0017
SCRL-00101,LCA-SW-0050,BACUTI Enterprise Edition,BACUTI,Company,developer,BACUTI,Distinct public developer/provider label retained; legal entity suffix not independently normalized,https://www.bacuti.com,2026-09-01,ORG-0018
SCRL-00102,LCA-SW-0051,booost Sustainability PCF module,"Booost, Inc.",Company,developer,"Booost, Inc.",Distinct public developer/provider label retained; legal entity suffix not independently normalized,https://booost-tech.com,2026-09-01,ORG-0030
SCRL-00103,LCA-SW-0052,carbmee EIS,carbmee,Company,developer,carbmee,Distinct public developer/provider label retained; legal entity suffix not independently normalized,https://www.carbmee.com,2026-09-01,ORG-0034
SCRL-00104,LCA-SW-0053,Carboledger,Carboledger Inc.,Company,developer,Carboledger,Legal entity resolved from official terms,https://www.carboledger.com/terms-of-use,2026-09-01,ORG-0035
SCRL-00105,LCA-SW-0054,Carbon Maps,Carbon Maps SAS,Company,developer,Carbon Maps,Legal entity resolved from official terms,https://www.carbonmaps.io/terms-of-use,2026-09-01,ORG-0036
SCRL-00106,LCA-SW-0055,Carbon Trail,CarbonTrail Tech LLP,Company,developer,Carbon Trail,Legal entity resolved from official privacy notice,https://carbontrail.net/privacy-policy,2026-09-01,ORG-0042
SCRL-00107,LCA-SW-0056,CarbonBlock,CircularTree,Company,developer,CircularTree,Distinct public developer/provider label retained; legal entity suffix not independently normalized,https://circulartree.com/carbonblock/,2026-09-01,ORG-0059
SCRL-00108,LCA-SW-0057,CarbonBright,CarbonBright AI,Company,developer,CarbonBright AI,Distinct public developer/provider label retained; legal entity suffix not independently normalized,https://carbonbright.co,2026-09-01,ORG-0038
SCRL-00109,LCA-SW-0058,CARBONIX,Sustech,Company,developer,Sustech,Distinct public developer/provider label retained; legal entity suffix not independently normalized,https://sustech-inc.co.jp/carbonix/,2026-09-01,ORG-0323
SCRL-00110,LCA-SW-0059,CarbonStar,Startrust,Company,developer,Startrust,Distinct public developer/provider label retained; legal entity suffix not independently normalized,https://sites.google.com/view/startrustsystem-en,2026-09-01,ORG-0319
SCRL-00111,LCA-SW-0060,ClimateCamp,ClimateCamp BV,Company,developer,ClimateCamp,Legal entity resolved from official privacy notice,https://www.climatecamp.io/legal/privacy-policy,2026-09-01,ORG-0065
SCRL-00112,LCA-SW-0061,ClimatePoint Eco Report Builder,ClimatePoint,Company,developer,ClimatePoint,Distinct public developer/provider label retained; legal entity suffix not independently normalized,https://www.climatepoint.com/,2026-09-01,ORG-0067
SCRL-00113,LCA-SW-0062,Microsoft Cloud for Sustainability PACT connector,Microsoft,Company,developer,Microsoft,Distinct public developer/provider label retained; legal entity suffix not independently normalized,https://www.microsoft.com/en-us/sustainability/cloud,2026-09-01,ORG-0252
SCRL-00114,LCA-SW-0063,CO2 AI,CO2 AI SAS,Company,developer,CO2 AI,Legal entity resolved from official terms,https://co2ai.com/terms-of-use,2026-09-01,ORG-0070
SCRL-00115,LCA-SW-0064,CUCON,Uhuru Corporation,Company,developer,Uhuru Corporation,Distinct public developer/provider label retained; legal entity suffix not independently normalized,https://uhuru.co.jp/library/articles/cucon_smartsupplychain/,2026-09-01,ORG-0354
SCRL-00116,LCA-SW-0065,DelZer0,Delta Electronics,Company,developer,Delta Electronics,Distinct public developer/provider label retained; legal entity suffix not independently normalized,http://www.delzer0.com/,2026-09-01,ORG-0080
SCRL-00117,LCA-SW-0066,Digital Sustainability Cloud (DSC),"Institute for Information Industry, Digital Transformation Research Institute",University / research institution,developer,"Institute for Information Industry, Digital Transformation Research Institute",Distinct public developer/provider label retained; legal entity suffix not independently normalized,https://www.dsce.com.tw/,2026-09-01,ORG-0202
SCRL-00118,LCA-SW-0067,EmVide,Riskoa Ltd,Company,developer,Riskoa Ltd,Distinct public developer/provider label retained; legal entity suffix not independently normalized,https://emvide.com/,2026-09-01,ORG-0299
SCRL-00119,LCA-SW-0068,ESGpedia Nexus,ESGpedia Pte Ltd,Company,developer,ESGpedia Pte Ltd,Distinct public developer/provider label retained; legal entity suffix not independently normalized,https://esgpedia.io/platform-nexus,2026-09-01,ORG-0109
SCRL-00120,LCA-SW-0069,Evalue8 Sustainability,Evalue8 Sustainability Pty Ltd,Company,developer,Evalue8 Sustainability,Legal entity resolved from official terms,https://evalue8.net/terms-and-conditions-privacy-policy/,2026-09-01,ORG-0132
SCRL-00121,LCA-SW-0070,Fitsol,Fitsol Limited,Company,developer,Fitsol,Legal entity resolved from official terms,https://www.fitsol.co.uk/terms-conditions,2026-09-01,ORG-0141
SCRL-00122,LCA-SW-0071,Formist,WeCarbon Technology Ltd,Company,developer,WeCarbon Technology Ltd,Distinct public developer/provider label retained; legal entity suffix not independently normalized,https://formist.ai,2026-09-01,ORG-0374
SCRL-00123,LCA-SW-0072,Fujitsu Track and Trust,Fujitsu Limited,Company,developer,Fujitsu Limited,Distinct public developer/provider label retained; legal entity suffix not independently normalized,https://www.fujitsu.com/global/about/resources/news/press-releases/2023/0913-01.html,2026-09-01,ORG-0153
SCRL-00124,LCA-SW-0073,GIC — Green Industry Cloud,Wormhole Technologies Inc.,Company,developer,Wormhole Technologies Inc.,Distinct public developer/provider label retained; legal entity suffix not independently normalized,http://wmholetech.com/en/index_en.html,2026-09-01,ORG-0380
SCRL-00125,LCA-SW-0074,GreenStitch.io,GreenStitch Technologies PVT LTD,Company,developer,GreenStitch Technologies PVT LTD,Distinct public developer/provider label retained; legal entity suffix not independently normalized,https://greenstitch.io/,2026-09-01,ORG-0177
SCRL-00126,LCA-SW-0075,HowGood Latis,HowGood,Company,developer,HowGood,Distinct public developer/provider label retained; legal entity suffix not independently normalized,https://howgood.com,2026-09-01,ORG-0186
SCRL-00127,LCA-SW-0076,Mattermaps,Makersite GmbH,Company,developer,Makersite GmbH,Distinct public developer/provider label retained; legal entity suffix not independently normalized,https://www.mattermaps.com/,2026-09-01,ORG-0249
SCRL-00128,LCA-SW-0077,Muir Platform,Muir AI,Company,developer,Muir AI,Distinct public developer/provider label retained; legal entity suffix not independently normalized,https://www.muir.ai/,2026-09-01,ORG-0256
SCRL-00129,LCA-SW-0079,Optchain Carbon Tracking,Optel Group,Company,developer,Optel Group,Distinct public developer/provider label retained; legal entity suffix not independently normalized,https://www.optelgroup.com/,2026-09-01,ORG-0270
SCRL-00130,LCA-SW-0080,Planet FWD,PlanetFWD Inc.,Company,developer,Planet FWD,Legal entity resolved from official privacy notice,https://www.planetfwd.com/privacy,2026-09-01,ORG-0280
SCRL-00131,LCA-SW-0081,SAP Sustainability Data Exchange,SAP,Company,developer,SAP,Distinct public developer/provider label retained; legal entity suffix not independently normalized,https://www.sap.com/products/business-network/sustainability-data-exchange.html,2026-09-01,ORG-0304
SCRL-00132,LCA-SW-0082,Sluicebox,"Sluicebox, Inc.",Company,developer,Sluicebox,Legal entity resolved from official privacy notice,https://sluicebox.ai/privacy-policy,2026-09-01,ORG-0313
SCRL-00133,LCA-SW-0083,SmartTradzt Carbon Emission,Smart Tradzt,Company,developer,Smart Tradzt,Distinct public developer/provider label retained; legal entity suffix not independently normalized,https://www.smarttradzt.com/carbon-emission/,2026-09-01,ORG-0314
SCRL-00134,LCA-SW-0085,Terrascope,Terrascope Pte. Ltd.,Company,developer,Terrascope,Legal entity resolved from official terms,https://www.terrascope.com/terms-of-use,2026-09-01,ORG-0330
SCRL-00135,LCA-SW-0086,TrueCarbon,Cirrus Nexus,Company,developer,Cirrus Nexus,Distinct public developer/provider label retained; legal entity suffix not independently normalized,https://www.cirrus-nexus.com/truecarbon,2026-09-01,ORG-0062
SCRL-00136,LCA-SW-0087,TT Green,InnoBlock Technology Ltd,Company,developer,InnoBlock Technology Ltd,Distinct public developer/provider label retained; legal entity suffix not independently normalized,https://www.tt-green.com,2026-09-01,ORG-0199
SCRL-00137,LCA-SW-0089,YuzeData,YuzeData Inc.,Company,developer,YuzeData,Company identity resolved from official company publication,https://www.yuzedata.com/blog/endava-yuzedata-partnership,2026-09-01,ORG-0385
SCRL-00138,LCA-SW-0091,Air.e HdC,Solid Forest,Company,developer,Solid Forest,Distinct public developer/provider label retained; legal entity suffix not independently normalized,https://www.solidforest.com/,2026-09-01,ORG-0316
SCRL-00139,LCA-SW-0092,Air.e LCA,Solid Forest,Company,developer,Solid Forest,Distinct public developer/provider label retained; legal entity suffix not independently normalized,https://www.solidforest.com/,2026-09-01,ORG-0316
SCRL-00140,LCA-SW-0093,Ansys Granta,Ansys,Company,developer,Ansys,Distinct public developer/provider label retained; legal entity suffix not independently normalized,https://www.ansys.com/products/materials,2026-09-01,ORG-0010
SCRL-00141,LCA-SW-0094,aPriori Manufacturing Insights Platform,aPriori,Company,developer,aPriori,Distinct public developer/provider label retained; legal entity suffix not independently normalized,https://www.apriori.com/,2026-09-01,ORG-0011
SCRL-00142,LCA-SW-0095,ASKOR,EVEA,Company,developer,EVEA,Distinct public developer/provider label retained; legal entity suffix not independently normalized,https://askor.eco/,2026-09-01,ORG-0133
SCRL-00143,LCA-SW-0096,BEDEC Sustainability,ITeC,Company,developer,ITeC,Distinct public developer/provider label retained; legal entity suffix not independently normalized,https://en.itec.cat/,2026-09-01,ORG-0220
SCRL-00144,LCA-SW-0097,Ccloud,Carbonstop,Company,developer,Carbonstop,Distinct public developer/provider label retained; legal entity suffix not independently normalized,https://www.carbonstop.com/en,2026-09-01,ORG-0041
SCRL-00145,LCA-SW-0098,EarthSmart,EarthShift Global,Company,developer,EarthShift Global,Distinct public developer/provider label retained; legal entity suffix not independently normalized,https://earthshiftglobal.com/earthsmart,2026-09-01,ORG-0087
SCRL-00146,LCA-SW-0099,eBalance,IKE Environmental Technology,Company,developer,IKE Environmental Technology,Distinct public developer/provider label retained; legal entity suffix not independently normalized,http://www.ike-global.com/,2026-09-01,ORG-0191
SCRL-00147,LCA-SW-0100,Eco-Bat 4.0,Eco-Bat,Company,developer,Eco-Bat,Distinct public developer/provider label retained; legal entity suffix not independently normalized,http://www.eco-bat.ch/,2026-09-01,ORG-0093
SCRL-00148,LCA-SW-0101,Ecodesign Studio,Altermaker,Company,developer,Altermaker,Distinct public developer/provider label retained; legal entity suffix not independently normalized,https://ecodesign-studio.com/,2026-09-01,ORG-0009
SCRL-00149,LCA-SW-0102,EcodEX,Trace One,Company,developer,Trace One,Distinct public developer/provider label retained; legal entity suffix not independently normalized,https://www.traceone.com/,2026-09-01,ORG-0346
SCRL-00150,LCA-SW-0103,EcoImpact / COMPASS,Trayak,Company,developer,Trayak,Distinct public developer/provider label retained; legal entity suffix not independently normalized,https://trayak.com/ecoimpact-new-features/,2026-09-01,ORG-0347
SCRL-00151,LCA-SW-0104,ECOSPEED Scout,ECOSPEED,Company,developer,ECOSPEED,Distinct public developer/provider label retained; legal entity suffix not independently normalized,https://www.ecospeed.ch/scout/de/,2026-09-01,ORG-0099
SCRL-00152,LCA-SW-0105,eFootprint,IKE Environmental Technology,Company,developer,IKE Environmental Technology,Distinct public developer/provider label retained; legal entity suffix not independently normalized,https://www.weblca.net/home,2026-09-01,ORG-0191
SCRL-00153,LCA-SW-0106,eQopack,Quantis and Kleis Technology,Company,developer,Quantis and Kleis Technology,Distinct public developer/provider label retained; legal entity suffix not independently normalized,https://quantis.com/services-solutions/digital-services/digital-products/eqopack/,2026-09-01,ORG-0295
SCRL-00154,LCA-SW-0107,eToolLCD,eTool,Company,developer,eTool,Distinct public developer/provider label retained; legal entity suffix not independently normalized,https://etoolglobal.com/about-etoollcd/,2026-09-01,ORG-0113
SCRL-00155,LCA-SW-0108,JimuLCA,Ecodigit,Company,developer,Ecodigit,Distinct public developer/provider label retained; legal entity suffix not independently normalized,https://www.ecdigit.com/en/,2026-09-01,ORG-0096
SCRL-00156,LCA-SW-0109,LCA4Waste,"ETH Zurich, Chair of Ecological Systems Design",University / research institution,developer,"ETH Zurich, Chair of Ecological Systems Design",Distinct public developer/provider label retained; legal entity suffix not independently normalized,https://www.ethz.ch/content/specialinterest/baug/institute-ifu/esd/en/downloads/lca4waste.html,2026-09-01,ORG-0112
SCRL-00157,LCA-SW-0110,LCA.no,LCA.no AS,Company,developer,LCA.no,Legal entity resolved from official privacy notice,https://lca.no/personvernerklaering/,2026-09-01,ORG-0235
SCRL-00158,LCA-SW-0111,Pilario,PILARIO SA,Company,developer,Pilario,Legal entity resolved from official privacy notice,https://www.pilario.com/privacy-policy,2026-09-01,ORG-0278
SCRL-00159,LCA-SW-0112,PLACES,The Circulate Initiative,Nonprofit / industry organization,developer,The Circulate Initiative,Distinct public developer/provider label retained; legal entity suffix not independently normalized,https://www.thecirculateinitiative.org/ghg-calculator,2026-09-01,ORG-0334
SCRL-00160,LCA-SW-0113,Pleiades ACV,IZUBA énergies,Company,developer,IZUBA énergies,Distinct public developer/provider label retained; legal entity suffix not independently normalized,https://www.izuba.fr/logiciels/outils-logiciels/re-2020-acv/,2026-09-01,ORG-0222
SCRL-00161,LCA-SW-0114,REGIS,sinum,Company,developer,sinum,Distinct public developer/provider label retained; legal entity suffix not independently normalized,https://sinum.com/regis,2026-09-01,ORG-0309
SCRL-00162,LCA-SW-0115,SAP Sustainability Footprint Management,SAP,Company,developer,SAP,Distinct public developer/provider label retained; legal entity suffix not independently normalized,https://www.sap.com/products/scm/sustainability-footprint-management.html,2026-09-01,ORG-0304
SCRL-00163,LCA-SW-0116,SULCA,Semantum,Company,developer,Semantum,Distinct public developer/provider label retained; legal entity suffix not independently normalized,https://www.semantum.fi/products/SULCA/,2026-09-01,ORG-0306
SCRL-00164,LCA-SW-0117,TEAM 5.4,PwC / Ecobilan,Company,developer,PwC / Ecobilan,Distinct public developer/provider label retained; legal entity suffix not independently normalized,https://www.pwc.fr/dd,2026-09-01,ORG-0293
SCRL-00165,LCA-SW-0118,ClimatePartner Product Carbon Footprint solution,ClimatePartner,Company,developer,ClimatePartner,Distinct public developer/provider label retained; legal entity suffix not independently normalized,https://www.climatepartner.com/de/loesungen/co2-bilanzierung/product-carbon-footprint,2026-09-01,ORG-0066
SCRL-00166,LCA-SW-0119,Global Changer Product Carbon Footprint,Global Climate Changer GmbH,Company,developer,Global Climate Changer GmbH,Distinct public developer/provider label retained; legal entity suffix not independently normalized,https://www.globalchanger.com/en/software/product-carbon-footprint,2026-09-01,ORG-0167
SCRL-00167,LCA-SW-0120,R<THINK,Kiwa,Company,developer,Kiwa,Distinct public developer/provider label retained; legal entity suffix not independently normalized,https://www.kiwa.com/de/de/serviceart/zertifizieren/rethink-okobilanz-epd/,2026-09-01,ORG-0227
SCRL-00168,LCA-SW-0121,ECOSPEED Product,ECOSPEED,Company,developer,ECOSPEED,Distinct public developer/provider label retained; legal entity suffix not independently normalized,https://ecospeed.eu/software/product-carbon-footprint/,2026-09-01,ORG-0099
SCRL-00169,LCA-SW-0122,VERSO Climate Hub — Product Carbon Footprint,VERSO GmbH,Company,developer,VERSO GmbH,Distinct public developer/provider label retained; legal entity suffix not independently normalized,https://verso.de/en/pcf-calculation/,2026-09-01,ORG-0368
SCRL-00170,LCA-SW-0123,Substain Product Carbon Footprint,Substain,Company,developer,Substain,Distinct public developer/provider label retained; legal entity suffix not independently normalized,https://welcome.substain.com/module/product-carbon-footprint,2026-09-01,ORG-0321
SCRL-00171,LCA-SW-0124,CarbonSmart Product Carbon Footprint Platform,CarbonSmart,Company,developer,CarbonSmart,Distinct public developer/provider label retained; legal entity suffix not independently normalized,https://www.carbonsmart.io/en/products/product-carbon-footprint,2026-09-01,ORG-0040
SCRL-00172,LCA-SW-0125,Haiyi Product Carbon Footprint Platform,"Yantai Haiyi Software Co., Ltd.",Company,developer,"Yantai Haiyi Software Co., Ltd.",Distinct public developer/provider label retained; legal entity suffix not independently normalized,https://carbon.haiyisoft.com/ProductCarbonFootprint.html,2026-09-01,ORG-0384
SCRL-00173,LCA-SW-0126,FRED Footprint Reduction Tool,FRED GmbH,Company,developer,FRED GmbH,Distinct public developer/provider label retained; legal entity suffix not independently normalized,https://www.fred-footprint.de/,2026-09-01,ORG-0151
SCRL-00174,LCA-SW-0127,Tanso Product Carbon Footprint Software,Tanso Technologies GmbH,Company,developer,Tanso Technologies GmbH,Distinct public developer/provider label retained; legal entity suffix not independently normalized,https://www.tanso.de/en/product-co2-management/product-carbon-footprint-software,2026-09-01,ORG-0328
SCRL-00175,LCA-SW-0128,SKZ PCF Tool,SKZ — Das Kunststoff-Zentrum,Company,developer,SKZ — Das Kunststoff-Zentrum,Distinct public developer/provider label retained; legal entity suffix not independently normalized,https://www.skz.de/forschung/pcf-tool,2026-09-01,ORG-0312
SCRL-00176,LCA-SW-0129,Embodied Carbon in Construction Calculator (EC3),Building Transparency,Nonprofit / industry organization,developer,Building Transparency,Distinct public developer/provider label retained; legal entity suffix not independently normalized,https://www.buildingtransparency.org/tools/ec3/,2026-09-01,ORG-0031
SCRL-00177,LCA-SW-0130,tallyLCA,KieranTimberlake,Company,developer,KieranTimberlake,Distinct public developer/provider label retained; legal entity suffix not independently normalized,https://www.buildingtransparency.org/tools/,2026-09-01,ORG-0225
SCRL-00178,LCA-SW-0130,tallyLCA,C.Scale,Company,operator/maintainer,C.Scale,Distinct public developer/provider label retained; legal entity suffix not independently normalized,https://www.buildingtransparency.org/tools/,2026-09-01,ORG-0033
SCRL-00179,LCA-SW-0130,tallyLCA,C.Scale,Company,owner,C.Scale,Distinct public developer/provider label retained; legal entity suffix not independently normalized,https://www.buildingtransparency.org/tools/,2026-09-01,ORG-0033
